order_id,customer_id,order_date,order_status
O00001,C0001,2025-03-23,Cancelled
O00002,C0001,2025-05-23,Completed
O00003,C0002,2024-03-21,Completed
O00004,C0002,2024-04-15,Completed
O00005,C0002,2024-11-09,Completed
O00006,C0002,2025-04-02,Completed
O00007,C0002,2025-03-21,Completed
O00008,C0002,2025-01-07,Completed
O00009,C0002,2025-03-24,Cancelled
O00010,C0002,2024-08-29,Completed
O00011,C0003,2024-06-06,Completed
O00012,C0003,2024-05-20,Completed
O00013,C0003,2024-04-26,Completed
O00014,C0004,2025-05-26,Cancelled
O00015,C0004,2025-04-01,Completed
O00016,C0004,2024-07-23,Completed
O00017,C0004,2025-04-07,Completed
O00018,C0004,2024-11-23,Completed
O00019,C0005,2024-10-24,Completed
O00020,C0005,2025-06-04,Completed
O00021,C0005,2024-08-30,Completed
O00022,C0005,2025-04-23,Completed
O00023,C0005,2024-11-12,Completed
O00024,C0005,2024-03-16,Completed
O00025,C0005,2025-04-22,Completed
O00026,C0005,2024-05-12,Completed
O00027,C0006,2024-11-07,Completed
O00028,C0006,2024-12-20,Completed
O00029,C0007,2024-10-08,Completed
O00030,C0007,2024-04-05,Completed
O00031,C0008,2024-06-24,Completed
O00032,C0009,2024-03-24,Completed
O00033,C0009,2024-09-28,Completed
O00034,C0011,2024-02-01,Completed
O00035,C0011,2024-09-07,Completed
O00036,C0011,2025-03-26,Returned
O00037,C0013,2024-05-27,Completed
O00038,C0013,2024-05-13,Completed
O00039,C0013,2024-09-04,Completed
O00040,C0013,2024-04-09,Completed
O00041,C0014,2025-03-04,Completed
O00042,C0014,2024-11-16,Completed
O00043,C0014,2025-06-11,Completed
O00044,C0014,2025-02-06,Completed
O00045,C0015,2024-02-21,Completed
O00046,C0016,2024-01-09,Completed
O00047,C0016,2024-09-27,Completed
O00048,C0017,2025-02-14,Cancelled
O00049,C0017,2024-07-18,Completed
O00050,C0017,2025-05-31,Completed
O00051,C0017,2024-05-01,Completed
O00052,C0017,2024-12-13,Completed
O00053,C0017,2025-06-05,Completed
O00054,C0018,2024-12-07,Completed
O00055,C0019,2024-05-23,Completed
O00056,C0019,2025-02-06,Returned
O00057,C0019,2025-06-29,Completed
O00058,C0020,2025-01-12,Completed
O00059,C0020,2024-11-11,Cancelled
O00060,C0020,2024-09-28,Cancelled
O00061,C0020,2025-05-06,Cancelled
O00062,C0020,2024-05-31,Returned
O00063,C0021,2024-07-14,Completed
O00064,C0021,2025-03-04,Completed
O00065,C0022,2025-05-28,Completed
O00066,C0022,2024-11-28,Completed
O00067,C0022,2025-06-29,Completed
O00068,C0022,2025-05-10,Completed
O00069,C0023,2024-11-01,Completed
O00070,C0023,2024-07-31,Completed
O00071,C0023,2024-10-21,Completed
O00072,C0024,2025-01-23,Completed
O00073,C0024,2024-10-21,Completed
O00074,C0024,2024-09-19,Completed
O00075,C0025,2024-10-05,Completed
O00076,C0026,2024-09-02,Completed
O00077,C0026,2024-08-26,Completed
O00078,C0026,2024-12-04,Completed
O00079,C0026,2025-02-20,Completed
O00080,C0027,2024-03-01,Completed
O00081,C0027,2024-08-25,Completed
O00082,C0028,2025-03-03,Completed
O00083,C0028,2025-05-22,Completed
O00084,C0028,2024-01-10,Completed
O00085,C0028,2024-10-18,Completed
O00086,C0028,2025-05-31,Completed
O00087,C0028,2025-04-14,Completed
O00088,C0028,2024-10-29,Completed
O00089,C0029,2025-03-13,Completed
O00090,C0029,2024-05-23,Completed
O00091,C0029,2024-08-29,Completed
O00092,C0029,2024-01-12,Cancelled
O00093,C0031,2024-05-01,Completed
O00094,C0032,2024-04-30,Completed
O00095,C0032,2024-05-16,Completed
O00096,C0032,2025-04-27,Completed
O00097,C0032,2024-03-24,Completed
O00098,C0032,2024-03-04,Completed
O00099,C0033,2024-06-17,Completed
O00100,C0033,2024-07-29,Completed
O00101,C0033,2024-05-15,Completed
O00102,C0033,2024-11-11,Completed
O00103,C0033,2024-01-04,Completed
O00104,C0034,2025-03-09,Completed
O00105,C0034,2024-03-11,Completed
O00106,C0034,2025-03-06,Completed
O00107,C0034,2025-01-19,Completed
O00108,C0034,2024-05-16,Completed
O00109,C0035,2025-06-25,Completed
O00110,C0036,2024-01-24,Completed
O00111,C0036,2025-01-23,Completed
O00112,C0037,2024-06-07,Completed
O00113,C0037,2024-01-17,Completed
O00114,C0037,2024-02-04,Completed
O00115,C0038,2025-03-25,Completed
O00116,C0038,2024-05-23,Completed
O00117,C0038,2024-11-24,Completed
O00118,C0038,2024-08-14,Returned
O00119,C0038,2024-06-28,Completed
O00120,C0038,2025-06-21,Cancelled
O00121,C0038,2024-11-03,Completed
O00122,C0038,2024-11-03,Completed
O00123,C0039,2025-02-26,Returned
O00124,C0040,2024-09-18,Completed
O00125,C0040,2025-01-14,Completed
O00126,C0040,2024-02-22,Completed
O00127,C0040,2024-03-15,Completed
O00128,C0040,2024-08-10,Completed
O00129,C0041,2024-07-13,Returned
O00130,C0041,2024-09-05,Completed
O00131,C0042,2024-11-25,Completed
O00132,C0042,2024-11-11,Returned
O00133,C0043,2024-04-10,Completed
O00134,C0043,2025-02-27,Completed
O00135,C0043,2024-05-29,Completed
O00136,C0043,2025-03-03,Completed
O00137,C0043,2025-01-23,Completed
O00138,C0043,2024-09-20,Completed
O00139,C0044,2024-06-22,Completed
O00140,C0044,2024-07-07,Completed
O00141,C0044,2024-03-17,Completed
O00142,C0044,2025-02-26,Completed
O00143,C0044,2024-06-03,Completed
O00144,C0045,2025-04-11,Completed
O00145,C0045,2025-05-14,Completed
O00146,C0045,2025-02-25,Completed
O00147,C0045,2024-10-08,Completed
O00148,C0045,2024-04-19,Completed
O00149,C0046,2024-09-03,Completed
O00150,C0047,2024-12-28,Completed
O00151,C0048,2025-02-19,Completed
O00152,C0048,2024-02-02,Completed
O00153,C0048,2025-01-21,Completed
O00154,C0049,2025-03-20,Completed
O00155,C0049,2024-08-23,Completed
O00156,C0049,2024-10-04,Completed
O00157,C0050,2024-10-14,Completed
O00158,C0050,2024-01-17,Completed
O00159,C0050,2024-03-19,Completed
O00160,C0050,2025-02-02,Completed
O00161,C0050,2024-12-20,Completed
O00162,C0051,2024-08-25,Completed
O00163,C0052,2025-02-10,Completed
O00164,C0053,2024-08-21,Completed
O00165,C0054,2025-01-24,Completed
O00166,C0054,2024-10-29,Completed
O00167,C0054,2024-10-01,Completed
O00168,C0054,2024-11-20,Completed
O00169,C0055,2025-03-31,Returned
O00170,C0055,2024-03-30,Completed
O00171,C0056,2025-06-08,Completed
O00172,C0057,2024-04-05,Returned
O00173,C0057,2025-02-27,Completed
O00174,C0058,2025-06-17,Completed
O00175,C0058,2024-05-22,Completed
O00176,C0058,2024-03-05,Completed
O00177,C0058,2024-11-02,Completed
O00178,C0058,2025-05-22,Completed
O00179,C0058,2024-11-07,Completed
O00180,C0058,2024-12-06,Returned
O00181,C0059,2024-05-19,Completed
O00182,C0059,2024-11-17,Cancelled
O00183,C0059,2025-05-17,Completed
O00184,C0059,2025-02-06,Completed
O00185,C0059,2024-07-03,Completed
O00186,C0060,2024-08-02,Completed
O00187,C0060,2024-05-22,Completed
O00188,C0060,2025-01-21,Completed
O00189,C0060,2025-05-05,Completed
O00190,C0060,2025-01-03,Completed
O00191,C0061,2024-12-29,Completed
O00192,C0061,2025-02-13,Completed
O00193,C0062,2024-04-10,Completed
O00194,C0063,2024-08-14,Completed
O00195,C0063,2024-06-03,Completed
O00196,C0063,2025-03-01,Completed
O00197,C0063,2024-12-22,Completed
O00198,C0063,2025-05-09,Completed
O00199,C0064,2024-11-22,Completed
O00200,C0064,2024-04-27,Completed
O00201,C0064,2024-04-21,Completed
O00202,C0064,2024-06-27,Completed
O00203,C0065,2025-04-18,Completed
O00204,C0067,2024-07-09,Cancelled
O00205,C0067,2025-03-15,Completed
O00206,C0067,2024-04-14,Cancelled
O00207,C0067,2025-04-13,Completed
O00208,C0067,2025-06-24,Completed
O00209,C0067,2024-04-26,Completed
O00210,C0068,2024-10-31,Completed
O00211,C0068,2024-11-16,Completed
O00212,C0069,2024-04-29,Cancelled
O00213,C0069,2025-02-01,Completed
O00214,C0069,2024-07-09,Completed
O00215,C0070,2025-05-16,Completed
O00216,C0070,2024-02-24,Returned
O00217,C0070,2024-07-18,Returned
O00218,C0071,2025-03-01,Completed
O00219,C0072,2024-08-13,Completed
O00220,C0072,2024-10-22,Completed
O00221,C0072,2025-05-22,Completed
O00222,C0073,2024-10-01,Cancelled
O00223,C0073,2024-08-11,Completed
O00224,C0073,2024-09-26,Completed
O00225,C0073,2024-08-30,Completed
O00226,C0073,2025-03-14,Completed
O00227,C0073,2024-07-30,Completed
O00228,C0074,2025-06-29,Completed
O00229,C0074,2024-10-26,Completed
O00230,C0074,2024-05-18,Completed
O00231,C0074,2024-09-12,Completed
O00232,C0074,2025-02-06,Completed
O00233,C0075,2025-04-07,Completed
O00234,C0075,2025-02-16,Completed
O00235,C0075,2024-12-01,Completed
O00236,C0075,2025-04-14,Completed
O00237,C0077,2024-08-11,Completed
O00238,C0077,2024-10-17,Returned
O00239,C0079,2025-05-11,Completed
O00240,C0079,2025-04-15,Completed
O00241,C0079,2025-03-27,Completed
O00242,C0079,2024-06-11,Completed
O00243,C0079,2025-01-15,Cancelled
O00244,C0079,2024-08-27,Completed
O00245,C0079,2025-05-03,Completed
O00246,C0080,2024-08-19,Completed
O00247,C0080,2024-05-15,Completed
O00248,C0082,2024-04-15,Completed
O00249,C0082,2024-05-16,Completed
O00250,C0083,2024-01-09,Completed
O00251,C0084,2024-06-04,Completed
O00252,C0084,2024-05-23,Completed
O00253,C0084,2024-12-25,Completed
O00254,C0085,2024-09-11,Completed
O00255,C0086,2025-06-14,Completed
O00256,C0086,2024-02-25,Completed
O00257,C0086,2024-09-03,Cancelled
O00258,C0086,2025-01-04,Completed
O00259,C0087,2025-01-09,Cancelled
O00260,C0087,2024-01-18,Completed
O00261,C0088,2024-08-08,Completed
O00262,C0088,2025-02-11,Completed
O00263,C0088,2025-02-15,Completed
O00264,C0088,2024-06-05,Completed
O00265,C0088,2024-07-27,Completed
O00266,C0088,2024-03-08,Completed
O00267,C0090,2024-09-07,Completed
O00268,C0090,2024-04-28,Completed
O00269,C0090,2024-05-02,Completed
O00270,C0090,2024-01-12,Completed
O00271,C0090,2025-06-13,Returned
O00272,C0090,2024-04-30,Completed
O00273,C0091,2024-10-05,Completed
O00274,C0092,2024-03-19,Completed
O00275,C0092,2024-06-19,Completed
O00276,C0093,2024-04-28,Completed
O00277,C0093,2024-02-15,Cancelled
O00278,C0093,2025-04-28,Completed
O00279,C0093,2025-03-05,Cancelled
O00280,C0093,2024-11-23,Completed
O00281,C0094,2024-05-02,Completed
O00282,C0096,2025-06-12,Completed
O00283,C0096,2025-04-21,Returned
O00284,C0096,2025-04-12,Completed
O00285,C0096,2024-10-25,Completed
O00286,C0096,2025-01-12,Completed
O00287,C0096,2024-01-07,Completed
O00288,C0096,2024-12-09,Completed
O00289,C0096,2024-11-10,Completed
O00290,C0097,2024-08-31,Completed
O00291,C0097,2024-02-14,Completed
O00292,C0098,2025-01-16,Completed
O00293,C0098,2024-05-16,Completed
O00294,C0098,2024-05-13,Completed
O00295,C0099,2025-02-06,Completed
O00296,C0099,2024-03-17,Completed
O00297,C0099,2024-06-08,Completed
O00298,C0099,2025-04-22,Completed
O00299,C0099,2024-07-31,Completed
O00300,C0099,2024-06-10,Completed
O00301,C0100,2024-12-01,Completed
O00302,C0100,2025-02-09,Completed
O00303,C0100,2024-09-23,Returned
O00304,C0100,2024-09-12,Cancelled
O00305,C0101,2024-05-23,Completed
O00306,C0101,2024-08-15,Completed
O00307,C0101,2024-03-27,Completed
O00308,C0101,2024-07-21,Completed
O00309,C0101,2024-02-13,Completed
O00310,C0101,2025-05-23,Completed
O00311,C0101,2024-06-25,Completed
O00312,C0102,2025-04-01,Completed
O00313,C0102,2024-09-08,Completed
O00314,C0102,2024-03-03,Completed
O00315,C0103,2024-05-20,Completed
O00316,C0104,2025-01-26,Returned
O00317,C0104,2025-05-29,Completed
O00318,C0105,2024-11-22,Completed
O00319,C0105,2025-04-28,Completed
O00320,C0105,2024-04-12,Completed
O00321,C0105,2024-02-27,Completed
O00322,C0105,2024-06-26,Completed
O00323,C0105,2025-01-02,Completed
O00324,C0106,2024-05-25,Completed
O00325,C0106,2024-11-12,Completed
O00326,C0106,2024-02-27,Completed
O00327,C0107,2025-06-23,Completed
O00328,C0108,2024-12-14,Completed
O00329,C0108,2024-01-23,Completed
O00330,C0108,2025-06-22,Completed
O00331,C0108,2024-04-13,Completed
O00332,C0108,2025-03-23,Completed
O00333,C0108,2024-12-31,Completed
O00334,C0109,2025-01-22,Completed
O00335,C0109,2024-01-02,Completed
O00336,C0109,2024-11-21,Completed
O00337,C0109,2025-05-23,Completed
O00338,C0109,2024-12-21,Completed
O00339,C0110,2024-01-12,Completed
O00340,C0110,2024-09-19,Completed
O00341,C0110,2024-02-19,Completed
O00342,C0111,2025-01-22,Completed
O00343,C0112,2024-08-18,Completed
O00344,C0112,2024-10-28,Completed
O00345,C0112,2024-04-17,Completed
O00346,C0112,2025-01-19,Completed
O00347,C0113,2024-04-05,Completed
O00348,C0113,2025-03-17,Completed
O00349,C0113,2024-02-24,Completed
O00350,C0113,2024-07-13,Completed
O00351,C0113,2024-10-31,Completed
O00352,C0113,2025-05-17,Cancelled
O00353,C0114,2025-03-13,Completed
O00354,C0114,2025-05-06,Completed
O00355,C0114,2024-06-23,Completed
O00356,C0114,2025-02-11,Completed
O00357,C0115,2024-07-08,Completed
O00358,C0115,2025-04-01,Completed
O00359,C0116,2025-04-21,Completed
O00360,C0116,2024-06-03,Completed
O00361,C0117,2025-02-27,Completed
O00362,C0118,2025-06-19,Completed
O00363,C0118,2024-11-02,Completed
O00364,C0118,2025-05-29,Completed
O00365,C0119,2024-06-20,Completed
O00366,C0119,2024-02-13,Completed
O00367,C0119,2024-09-21,Completed
O00368,C0119,2025-02-10,Completed
O00369,C0119,2024-01-13,Returned
O00370,C0120,2024-04-12,Completed
O00371,C0120,2024-10-19,Completed
O00372,C0120,2025-05-12,Completed
O00373,C0120,2025-02-15,Completed
O00374,C0120,2024-08-31,Completed
O00375,C0120,2024-10-02,Completed
O00376,C0121,2024-10-14,Completed
O00377,C0121,2025-03-29,Cancelled
O00378,C0121,2024-07-11,Completed
O00379,C0121,2024-02-27,Returned
O00380,C0122,2025-02-17,Completed
O00381,C0122,2024-01-30,Completed
O00382,C0123,2024-09-12,Completed
O00383,C0123,2025-01-04,Completed
O00384,C0124,2025-06-01,Completed
O00385,C0124,2025-05-15,Completed
O00386,C0124,2024-12-18,Completed
O00387,C0124,2024-10-18,Completed
O00388,C0124,2024-06-15,Completed
O00389,C0125,2024-07-30,Completed
O00390,C0125,2024-01-10,Completed
O00391,C0125,2024-08-17,Completed
O00392,C0125,2025-01-20,Completed
O00393,C0125,2024-11-05,Completed
O00394,C0125,2024-10-16,Completed
O00395,C0126,2024-12-10,Completed
O00396,C0126,2024-11-01,Completed
O00397,C0127,2024-02-28,Completed
O00398,C0127,2024-10-29,Completed
O00399,C0128,2024-02-06,Completed
O00400,C0128,2025-05-02,Completed
O00401,C0128,2024-07-04,Completed
O00402,C0128,2024-07-06,Completed
O00403,C0128,2024-08-16,Completed
O00404,C0128,2024-10-28,Completed
O00405,C0128,2024-03-13,Completed
O00406,C0128,2025-06-26,Completed
O00407,C0129,2024-07-24,Completed
O00408,C0129,2024-11-19,Completed
O00409,C0129,2024-12-06,Completed
O00410,C0129,2025-04-07,Completed
O00411,C0130,2025-05-16,Completed
O00412,C0131,2025-03-20,Completed
O00413,C0131,2024-02-08,Completed
O00414,C0132,2024-11-25,Completed
O00415,C0132,2024-08-19,Completed
O00416,C0132,2025-05-30,Completed
O00417,C0133,2024-10-24,Completed
O00418,C0133,2025-03-20,Cancelled
O00419,C0133,2024-07-11,Completed
O00420,C0133,2024-08-21,Completed
O00421,C0134,2024-01-23,Completed
O00422,C0134,2025-01-19,Completed
O00423,C0134,2024-02-19,Completed
O00424,C0134,2024-02-19,Completed
O00425,C0135,2025-01-24,Completed
O00426,C0136,2025-04-30,Completed
O00427,C0136,2025-03-06,Completed
O00428,C0136,2024-10-03,Completed
O00429,C0136,2024-04-30,Completed
O00430,C0136,2024-07-23,Completed
O00431,C0136,2025-02-23,Returned
O00432,C0137,2024-07-31,Completed
O00433,C0138,2024-04-23,Completed
O00434,C0138,2024-09-19,Completed
O00435,C0138,2025-04-20,Completed
O00436,C0138,2024-02-10,Completed
O00437,C0138,2024-04-07,Completed
O00438,C0139,2024-06-23,Completed
O00439,C0139,2024-04-05,Completed
O00440,C0139,2025-02-14,Returned
O00441,C0140,2024-06-19,Completed
O00442,C0141,2024-06-12,Completed
O00443,C0141,2025-05-09,Completed
O00444,C0141,2024-01-30,Completed
O00445,C0141,2025-02-25,Completed
O00446,C0142,2025-06-21,Completed
O00447,C0142,2025-06-19,Completed
O00448,C0142,2025-05-08,Completed
O00449,C0142,2024-02-25,Completed
O00450,C0143,2025-06-01,Completed
O00451,C0143,2024-11-24,Completed
O00452,C0143,2025-06-03,Completed
O00453,C0144,2024-08-28,Completed
O00454,C0144,2025-04-03,Completed
O00455,C0144,2025-04-02,Completed
O00456,C0144,2025-02-17,Completed
O00457,C0144,2024-11-07,Completed
O00458,C0145,2025-01-07,Completed
O00459,C0145,2025-04-10,Completed
O00460,C0146,2025-01-07,Cancelled
O00461,C0146,2024-12-29,Completed
O00462,C0146,2024-02-16,Completed
O00463,C0146,2024-04-19,Completed
O00464,C0146,2025-02-06,Completed
O00465,C0146,2024-04-20,Completed
O00466,C0147,2025-05-31,Completed
O00467,C0148,2024-02-19,Completed
O00468,C0148,2024-06-26,Completed
O00469,C0148,2024-11-25,Completed
O00470,C0148,2024-12-17,Returned
O00471,C0148,2025-06-08,Completed
O00472,C0149,2024-08-10,Completed
O00473,C0149,2024-12-19,Returned
O00474,C0149,2024-11-26,Returned
O00475,C0149,2025-05-06,Completed
O00476,C0149,2025-06-19,Completed
O00477,C0150,2024-05-28,Completed
O00478,C0151,2024-07-23,Completed
O00479,C0151,2024-05-29,Completed
O00480,C0151,2024-07-27,Completed
O00481,C0152,2024-04-14,Completed
O00482,C0152,2024-08-31,Completed
O00483,C0152,2025-03-02,Completed
O00484,C0152,2024-07-26,Completed
O00485,C0152,2024-07-20,Completed
O00486,C0153,2024-03-17,Completed
O00487,C0154,2025-01-21,Completed
O00488,C0154,2024-09-27,Completed
O00489,C0154,2024-01-06,Completed
O00490,C0155,2024-11-26,Completed
O00491,C0155,2024-11-04,Completed
O00492,C0155,2024-11-21,Completed
O00493,C0156,2025-06-01,Completed
O00494,C0156,2025-02-17,Completed
O00495,C0156,2024-08-06,Completed
O00496,C0156,2025-06-27,Cancelled
O00497,C0157,2024-09-03,Returned
O00498,C0157,2024-04-26,Completed
O00499,C0157,2025-01-18,Completed
O00500,C0157,2025-06-10,Completed
O00501,C0157,2024-06-20,Completed
O00502,C0157,2024-08-03,Completed
O00503,C0158,2024-07-29,Completed
O00504,C0158,2024-12-05,Completed
O00505,C0158,2024-02-25,Completed
O00506,C0159,2024-03-13,Completed
O00507,C0159,2025-02-01,Completed
O00508,C0159,2025-02-02,Completed
O00509,C0159,2024-03-05,Returned
O00510,C0160,2025-01-01,Completed
O00511,C0160,2024-03-29,Completed
O00512,C0160,2024-02-01,Completed
O00513,C0160,2024-10-29,Completed
O00514,C0161,2024-05-24,Completed
O00515,C0161,2025-02-07,Completed
O00516,C0161,2024-12-18,Completed
O00517,C0161,2024-06-13,Completed
O00518,C0161,2024-07-17,Completed
O00519,C0161,2024-02-25,Completed
O00520,C0162,2024-09-13,Completed
O00521,C0162,2025-05-13,Completed
O00522,C0162,2024-10-18,Cancelled
O00523,C0162,2024-11-21,Completed
O00524,C0162,2024-06-05,Completed
O00525,C0163,2024-01-05,Completed
O00526,C0163,2025-01-03,Cancelled
O00527,C0163,2025-04-18,Completed
O00528,C0163,2024-06-28,Returned
O00529,C0163,2024-05-23,Cancelled
O00530,C0164,2024-01-20,Completed
O00531,C0164,2025-02-18,Completed
O00532,C0165,2024-09-23,Completed
O00533,C0165,2024-10-24,Completed
O00534,C0165,2024-04-02,Completed
O00535,C0166,2024-06-18,Completed
O00536,C0166,2024-05-29,Completed
O00537,C0166,2024-08-25,Completed
O00538,C0166,2024-08-27,Completed
O00539,C0166,2025-06-14,Completed
O00540,C0167,2024-02-10,Completed
O00541,C0167,2024-06-27,Completed
O00542,C0167,2025-06-13,Completed
O00543,C0167,2024-12-27,Completed
O00544,C0167,2025-05-28,Completed
O00545,C0168,2024-03-19,Completed
O00546,C0168,2025-01-05,Completed
O00547,C0168,2025-02-28,Completed
O00548,C0168,2025-05-05,Completed
O00549,C0168,2024-01-23,Completed
O00550,C0168,2024-06-13,Cancelled
O00551,C0168,2024-05-30,Completed
O00552,C0169,2024-07-03,Completed
O00553,C0169,2024-08-09,Completed
O00554,C0170,2025-02-24,Completed
O00555,C0170,2025-06-07,Completed
O00556,C0170,2024-03-11,Returned
O00557,C0171,2024-04-21,Completed
O00558,C0172,2025-05-31,Completed
O00559,C0173,2025-05-02,Completed
O00560,C0174,2025-05-30,Completed
O00561,C0174,2024-05-13,Completed
O00562,C0174,2025-06-18,Completed
O00563,C0174,2025-05-08,Completed
O00564,C0174,2024-05-17,Completed
O00565,C0174,2025-02-22,Completed
O00566,C0175,2025-06-19,Completed
O00567,C0175,2025-01-19,Returned
O00568,C0176,2025-01-05,Completed
O00569,C0176,2024-09-16,Completed
O00570,C0176,2025-01-09,Completed
O00571,C0176,2025-05-09,Completed
O00572,C0178,2025-05-10,Completed
O00573,C0178,2024-05-21,Completed
O00574,C0179,2025-04-02,Cancelled
O00575,C0179,2025-02-14,Completed
O00576,C0180,2024-06-13,Completed
O00577,C0180,2025-03-21,Completed
O00578,C0180,2024-08-15,Completed
O00579,C0181,2025-02-14,Completed
O00580,C0181,2025-05-21,Completed
O00581,C0181,2024-02-04,Completed
O00582,C0181,2025-01-03,Completed
O00583,C0181,2024-03-29,Completed
O00584,C0182,2025-02-19,Completed
O00585,C0182,2024-04-02,Completed
O00586,C0182,2024-12-21,Completed
O00587,C0182,2025-02-17,Completed
O00588,C0182,2025-02-20,Completed
O00589,C0184,2025-05-30,Completed
O00590,C0184,2024-09-13,Completed
O00591,C0184,2025-04-14,Completed
O00592,C0184,2024-09-21,Completed
O00593,C0184,2024-08-23,Completed
O00594,C0184,2024-01-10,Completed
O00595,C0185,2024-12-16,Completed
O00596,C0185,2025-05-02,Completed
O00597,C0185,2024-07-06,Completed
O00598,C0186,2024-09-04,Completed
O00599,C0186,2024-12-30,Completed
O00600,C0186,2024-03-21,Completed
O00601,C0188,2025-01-15,Completed
O00602,C0189,2024-07-06,Completed
O00603,C0189,2024-02-25,Completed
O00604,C0189,2025-02-07,Completed
O00605,C0190,2025-04-16,Completed
O00606,C0190,2025-01-23,Completed
O00607,C0190,2024-09-22,Completed
O00608,C0190,2024-10-02,Completed
O00609,C0190,2025-03-10,Completed
O00610,C0190,2025-02-14,Completed
O00611,C0190,2024-08-22,Completed
O00612,C0190,2024-08-29,Completed
O00613,C0191,2025-04-29,Cancelled
O00614,C0191,2025-05-26,Completed
O00615,C0193,2024-11-19,Cancelled
O00616,C0193,2025-02-11,Cancelled
O00617,C0193,2024-03-02,Completed
O00618,C0193,2024-04-08,Completed
O00619,C0194,2024-09-20,Completed
O00620,C0195,2024-07-22,Completed
O00621,C0195,2024-11-28,Completed
O00622,C0195,2024-10-20,Completed
O00623,C0195,2025-02-18,Completed
O00624,C0195,2024-12-17,Completed
O00625,C0195,2024-09-30,Completed
O00626,C0196,2025-04-06,Completed
O00627,C0196,2024-09-14,Completed
O00628,C0197,2025-02-10,Completed
O00629,C0197,2025-04-29,Completed
O00630,C0198,2025-06-20,Completed
O00631,C0198,2024-06-08,Completed
O00632,C0198,2024-11-12,Completed
O00633,C0198,2024-05-09,Completed
O00634,C0198,2024-02-05,Completed
O00635,C0198,2024-10-05,Completed
O00636,C0198,2025-04-12,Completed
O00637,C0198,2024-08-20,Completed
O00638,C0199,2025-01-09,Completed
O00639,C0199,2025-06-19,Completed
O00640,C0200,2024-01-09,Completed
O00641,C0200,2024-10-26,Completed
O00642,C0200,2025-01-17,Completed
O00643,C0201,2025-02-08,Completed
O00644,C0201,2024-08-13,Returned
O00645,C0201,2024-10-05,Completed
O00646,C0202,2024-07-11,Completed
O00647,C0202,2024-10-23,Returned
O00648,C0202,2025-04-08,Completed
O00649,C0203,2024-11-24,Completed
O00650,C0203,2024-01-23,Completed
O00651,C0203,2024-05-08,Completed
O00652,C0203,2024-01-16,Completed
O00653,C0203,2025-01-15,Completed
O00654,C0204,2024-02-27,Completed
O00655,C0204,2025-04-26,Cancelled
O00656,C0204,2024-01-13,Completed
O00657,C0204,2025-01-29,Completed
O00658,C0204,2025-06-17,Completed
O00659,C0204,2024-11-26,Completed
O00660,C0204,2025-06-17,Completed
O00661,C0204,2024-11-01,Completed
O00662,C0205,2024-04-25,Completed
O00663,C0205,2024-01-16,Completed
O00664,C0205,2024-05-02,Completed
O00665,C0205,2025-05-01,Completed
O00666,C0205,2024-06-10,Completed
O00667,C0206,2024-12-30,Completed
O00668,C0207,2024-05-08,Completed
O00669,C0207,2024-07-16,Completed
O00670,C0208,2025-01-01,Completed
O00671,C0208,2025-03-24,Completed
O00672,C0208,2024-07-10,Completed
O00673,C0209,2024-06-13,Cancelled
O00674,C0209,2025-04-05,Cancelled
O00675,C0209,2025-04-09,Completed
O00676,C0209,2025-01-23,Completed
O00677,C0209,2025-01-07,Completed
O00678,C0210,2025-01-31,Completed
O00679,C0210,2024-06-06,Completed
O00680,C0210,2024-04-08,Completed
O00681,C0211,2024-07-01,Completed
O00682,C0211,2025-05-12,Completed
O00683,C0211,2025-02-01,Completed
O00684,C0213,2025-01-10,Completed
O00685,C0213,2024-08-01,Completed
O00686,C0213,2025-03-01,Completed
O00687,C0214,2025-06-25,Completed
O00688,C0214,2024-11-07,Completed
O00689,C0214,2025-06-15,Cancelled
O00690,C0214,2025-06-28,Returned
O00691,C0214,2024-07-02,Completed
O00692,C0214,2025-03-13,Completed
O00693,C0215,2025-02-15,Cancelled
O00694,C0215,2025-03-29,Completed
O00695,C0215,2025-01-15,Cancelled
O00696,C0215,2024-08-07,Completed
O00697,C0215,2025-04-03,Completed
O00698,C0216,2025-06-14,Completed
O00699,C0216,2024-11-03,Completed
O00700,C0216,2024-10-09,Completed
O00701,C0216,2024-12-30,Completed
O00702,C0216,2024-09-12,Completed
O00703,C0216,2025-02-13,Completed
O00704,C0217,2025-05-09,Completed
O00705,C0217,2024-11-03,Completed
O00706,C0218,2025-01-25,Completed
O00707,C0219,2024-12-08,Completed
O00708,C0219,2024-08-20,Returned
O00709,C0220,2024-02-25,Completed
O00710,C0220,2024-06-02,Returned
O00711,C0220,2025-02-06,Completed
O00712,C0220,2024-08-15,Completed
O00713,C0221,2024-03-25,Completed
O00714,C0221,2024-03-28,Completed
O00715,C0223,2024-07-21,Completed
O00716,C0224,2025-06-20,Cancelled
O00717,C0224,2025-03-16,Completed
O00718,C0224,2025-02-27,Completed
O00719,C0224,2024-01-25,Completed
O00720,C0224,2024-05-29,Completed
O00721,C0224,2024-03-28,Completed
O00722,C0224,2024-09-05,Completed
O00723,C0225,2024-12-17,Completed
O00724,C0226,2025-04-27,Completed
O00725,C0226,2024-08-04,Completed
O00726,C0226,2025-05-09,Completed
O00727,C0227,2025-06-23,Completed
O00728,C0227,2024-03-02,Completed
O00729,C0227,2025-04-21,Completed
O00730,C0227,2024-10-04,Completed
O00731,C0227,2025-01-30,Completed
O00732,C0228,2024-11-19,Returned
O00733,C0228,2024-07-22,Completed
O00734,C0228,2024-11-08,Completed
O00735,C0228,2024-12-21,Returned
O00736,C0228,2024-10-09,Completed
O00737,C0228,2025-01-31,Completed
O00738,C0228,2024-10-13,Completed
O00739,C0229,2024-05-20,Completed
O00740,C0229,2025-06-17,Completed
O00741,C0229,2024-06-05,Cancelled
O00742,C0230,2024-05-14,Completed
O00743,C0230,2024-07-26,Completed
O00744,C0230,2025-03-16,Completed
O00745,C0230,2024-11-21,Cancelled
O00746,C0230,2024-05-01,Completed
O00747,C0230,2024-11-22,Completed
O00748,C0231,2024-07-11,Completed
O00749,C0231,2024-01-27,Completed
O00750,C0232,2024-08-25,Cancelled
O00751,C0233,2024-03-22,Completed
O00752,C0234,2024-07-07,Completed
O00753,C0234,2024-08-19,Completed
O00754,C0234,2024-10-03,Completed
O00755,C0234,2025-03-25,Completed
O00756,C0234,2025-02-18,Completed
O00757,C0234,2024-11-16,Completed
O00758,C0234,2024-02-09,Completed
O00759,C0235,2024-02-13,Completed
O00760,C0235,2024-02-10,Completed
O00761,C0235,2025-02-11,Completed
O00762,C0235,2025-03-08,Completed
O00763,C0235,2025-04-19,Returned
O00764,C0235,2024-05-18,Completed
O00765,C0236,2025-04-09,Completed
O00766,C0236,2024-09-13,Completed
O00767,C0236,2024-04-26,Completed
O00768,C0236,2025-06-07,Completed
O00769,C0236,2024-02-14,Completed
O00770,C0237,2024-06-02,Completed
O00771,C0239,2024-02-22,Completed
O00772,C0239,2024-04-30,Completed
O00773,C0240,2024-09-16,Completed
O00774,C0240,2025-05-25,Completed
O00775,C0240,2024-08-31,Cancelled
O00776,C0240,2025-02-23,Completed
O00777,C0240,2024-10-11,Completed
O00778,C0240,2024-02-26,Completed
O00779,C0240,2024-11-01,Completed
O00780,C0241,2025-03-02,Completed
O00781,C0241,2024-06-30,Completed
O00782,C0241,2024-11-02,Completed
O00783,C0241,2024-03-07,Completed
O00784,C0241,2024-12-03,Completed
O00785,C0242,2024-04-21,Completed
O00786,C0242,2024-10-21,Completed
O00787,C0242,2024-12-28,Completed
O00788,C0242,2025-06-16,Cancelled
O00789,C0242,2024-07-17,Completed
O00790,C0242,2025-04-21,Completed
O00791,C0243,2025-02-28,Completed
O00792,C0243,2024-01-12,Completed
O00793,C0245,2024-03-10,Cancelled
O00794,C0245,2024-01-07,Completed
O00795,C0246,2024-12-15,Completed
O00796,C0246,2024-07-17,Completed
O00797,C0246,2024-02-06,Completed
O00798,C0246,2024-12-09,Completed
O00799,C0246,2024-11-19,Completed
O00800,C0247,2024-12-05,Completed
O00801,C0247,2024-12-13,Completed
O00802,C0248,2025-02-02,Completed
O00803,C0248,2024-11-18,Completed
O00804,C0248,2024-03-29,Completed
O00805,C0248,2024-08-09,Completed
O00806,C0249,2024-07-25,Completed
O00807,C0250,2024-01-26,Completed
O00808,C0250,2025-05-10,Completed
O00809,C0250,2025-06-12,Completed
O00810,C0250,2025-01-31,Completed
O00811,C0250,2024-02-15,Completed
O00812,C0251,2024-02-17,Completed
O00813,C0252,2024-01-24,Completed
O00814,C0253,2024-07-16,Completed
O00815,C0253,2024-04-30,Completed
O00816,C0253,2024-01-16,Completed
O00817,C0254,2024-12-24,Completed
O00818,C0254,2024-09-07,Completed
O00819,C0254,2024-12-12,Completed
O00820,C0254,2024-04-18,Completed
O00821,C0254,2025-04-01,Completed
O00822,C0255,2024-03-21,Completed
O00823,C0255,2025-04-11,Completed
O00824,C0255,2024-08-17,Completed
O00825,C0256,2025-01-07,Completed
O00826,C0258,2024-01-31,Completed
O00827,C0258,2024-12-25,Completed
O00828,C0258,2024-05-10,Cancelled
O00829,C0258,2024-11-29,Completed
O00830,C0258,2025-06-29,Completed
O00831,C0258,2024-09-06,Completed
O00832,C0259,2024-12-14,Completed
O00833,C0259,2025-03-21,Completed
O00834,C0259,2025-05-13,Completed
O00835,C0259,2025-04-19,Completed
O00836,C0259,2024-11-11,Cancelled
O00837,C0260,2024-12-01,Completed
O00838,C0260,2024-01-01,Completed
O00839,C0260,2025-06-28,Completed
O00840,C0260,2024-07-19,Completed
O00841,C0260,2024-11-07,Completed
O00842,C0260,2025-06-06,Completed
O00843,C0262,2024-02-24,Completed
O00844,C0263,2025-01-02,Completed
O00845,C0263,2024-02-01,Completed
O00846,C0265,2024-11-21,Completed
O00847,C0265,2024-06-26,Completed
O00848,C0266,2025-03-03,Completed
O00849,C0267,2024-01-12,Completed
O00850,C0267,2024-05-27,Completed
O00851,C0267,2025-03-01,Completed
O00852,C0267,2025-04-10,Completed
O00853,C0268,2024-07-09,Completed
O00854,C0268,2025-05-28,Completed
O00855,C0268,2024-02-04,Completed
O00856,C0269,2025-01-12,Completed
O00857,C0269,2024-03-22,Completed
O00858,C0269,2025-04-21,Completed
O00859,C0269,2024-03-31,Completed
O00860,C0269,2024-11-15,Completed
O00861,C0270,2024-01-12,Completed
O00862,C0270,2025-03-07,Completed
O00863,C0271,2024-02-06,Completed
O00864,C0271,2025-04-29,Completed
O00865,C0271,2024-01-28,Completed
O00866,C0272,2024-03-19,Completed
O00867,C0273,2024-10-08,Completed
O00868,C0273,2024-06-03,Completed
O00869,C0273,2024-07-04,Completed
O00870,C0273,2024-05-28,Completed
O00871,C0273,2025-01-27,Completed
O00872,C0274,2024-08-03,Completed
O00873,C0274,2024-06-20,Completed
O00874,C0274,2024-08-27,Completed
O00875,C0274,2025-06-27,Cancelled
O00876,C0274,2025-06-26,Completed
O00877,C0275,2024-12-28,Completed
O00878,C0275,2024-04-10,Completed
O00879,C0275,2024-09-04,Completed
O00880,C0275,2024-11-16,Completed
O00881,C0276,2024-03-10,Completed
O00882,C0276,2025-06-21,Completed
O00883,C0276,2024-12-25,Completed
O00884,C0276,2024-07-16,Completed
O00885,C0276,2024-04-04,Completed
O00886,C0277,2024-08-10,Completed
O00887,C0278,2024-03-29,Completed
O00888,C0278,2024-04-23,Completed
O00889,C0278,2024-03-18,Completed
O00890,C0278,2024-06-14,Completed
O00891,C0279,2025-01-26,Completed
O00892,C0279,2025-03-27,Completed
O00893,C0280,2025-02-06,Completed
O00894,C0281,2024-05-27,Completed
O00895,C0281,2024-04-15,Completed
O00896,C0281,2024-09-13,Completed
O00897,C0282,2025-02-03,Completed
O00898,C0282,2024-01-04,Completed
O00899,C0282,2024-08-19,Cancelled
O00900,C0282,2024-05-04,Completed
O00901,C0282,2024-04-02,Returned
O00902,C0282,2024-10-23,Completed
O00903,C0283,2025-01-28,Completed
O00904,C0283,2025-01-02,Completed
O00905,C0283,2024-07-16,Completed
O00906,C0283,2024-09-01,Completed
O00907,C0284,2025-04-05,Completed
O00908,C0284,2024-02-27,Completed
O00909,C0284,2024-08-04,Completed
O00910,C0284,2024-03-14,Completed
O00911,C0285,2025-05-15,Completed
O00912,C0285,2024-02-16,Completed
O00913,C0285,2024-06-25,Completed
O00914,C0286,2024-04-09,Completed
O00915,C0286,2024-04-26,Completed
O00916,C0287,2025-03-12,Completed
O00917,C0287,2024-05-20,Completed
O00918,C0289,2024-06-26,Completed
O00919,C0289,2025-03-01,Cancelled
O00920,C0290,2024-06-17,Completed
O00921,C0291,2025-01-20,Completed
O00922,C0292,2024-01-07,Completed
O00923,C0292,2024-10-17,Completed
O00924,C0292,2024-10-04,Completed
O00925,C0292,2024-07-03,Completed
O00926,C0292,2024-01-05,Completed
O00927,C0292,2024-04-07,Completed
O00928,C0292,2025-04-20,Completed
O00929,C0292,2024-04-25,Completed
O00930,C0293,2024-06-29,Completed
O00931,C0293,2025-01-07,Completed
O00932,C0293,2025-04-09,Completed
O00933,C0294,2024-06-29,Completed
O00934,C0294,2025-06-11,Returned
O00935,C0294,2025-03-31,Completed
O00936,C0294,2024-04-22,Completed
O00937,C0294,2024-07-23,Completed
O00938,C0294,2025-05-11,Completed
O00939,C0295,2024-05-28,Completed
O00940,C0295,2024-07-01,Completed
O00941,C0295,2024-10-03,Completed
O00942,C0295,2024-03-02,Completed
O00943,C0295,2025-03-04,Completed
O00944,C0295,2024-10-29,Returned
O00945,C0295,2024-08-23,Completed
O00946,C0296,2025-05-15,Completed
O00947,C0296,2024-10-12,Completed
O00948,C0297,2024-09-09,Completed
O00949,C0297,2024-08-15,Completed
O00950,C0297,2025-03-03,Completed
O00951,C0297,2025-05-31,Completed
O00952,C0298,2025-02-07,Completed
O00953,C0300,2024-03-26,Completed
O00954,C0300,2024-08-11,Cancelled
O00955,C0301,2024-04-02,Completed
O00956,C0301,2024-06-14,Completed
O00957,C0301,2025-04-19,Completed
O00958,C0301,2025-01-14,Completed
O00959,C0301,2025-06-27,Completed
O00960,C0304,2024-10-03,Completed
O00961,C0304,2024-12-09,Completed
O00962,C0304,2024-02-22,Completed
O00963,C0305,2025-04-21,Completed
O00964,C0305,2024-06-28,Completed
O00965,C0305,2024-05-21,Completed
O00966,C0305,2024-08-02,Completed
O00967,C0305,2025-05-30,Completed
O00968,C0307,2025-04-08,Completed
O00969,C0307,2025-06-29,Returned
O00970,C0307,2024-07-11,Completed
O00971,C0307,2024-03-19,Completed
O00972,C0307,2024-04-24,Completed
O00973,C0307,2025-06-17,Completed
O00974,C0308,2024-05-15,Completed
O00975,C0308,2024-07-12,Completed
O00976,C0308,2025-06-16,Completed
O00977,C0308,2025-05-12,Completed
O00978,C0309,2024-06-24,Completed
O00979,C0309,2024-02-18,Completed
O00980,C0309,2024-06-19,Completed
O00981,C0309,2024-07-05,Cancelled
O00982,C0312,2024-08-31,Completed
O00983,C0313,2024-05-09,Completed
O00984,C0313,2024-02-05,Completed
O00985,C0314,2024-06-15,Completed
O00986,C0314,2024-05-28,Completed
O00987,C0315,2025-06-03,Completed
O00988,C0316,2024-05-30,Completed
O00989,C0316,2024-04-29,Completed
O00990,C0316,2025-04-01,Completed
O00991,C0316,2024-07-18,Completed
O00992,C0316,2024-01-24,Completed
O00993,C0317,2024-03-30,Completed
O00994,C0317,2025-06-07,Completed
O00995,C0317,2025-02-11,Completed
O00996,C0317,2025-01-30,Returned
O00997,C0318,2024-11-11,Completed
O00998,C0318,2025-03-01,Completed
O00999,C0319,2024-03-29,Completed
O01000,C0319,2025-06-21,Completed
O01001,C0319,2024-01-07,Completed
O01002,C0319,2025-04-18,Completed
O01003,C0319,2024-10-23,Completed
O01004,C0319,2025-04-19,Completed
O01005,C0320,2024-09-25,Completed
O01006,C0320,2025-03-03,Completed
O01007,C0320,2024-05-02,Completed
O01008,C0321,2025-05-07,Completed
O01009,C0321,2025-06-08,Completed
O01010,C0321,2024-06-15,Completed
O01011,C0321,2025-04-17,Completed
O01012,C0322,2024-10-06,Completed
O01013,C0322,2024-10-25,Completed
O01014,C0322,2024-07-06,Completed
O01015,C0322,2024-11-26,Completed
O01016,C0323,2024-04-08,Completed
O01017,C0323,2025-06-14,Cancelled
O01018,C0323,2024-06-15,Completed
O01019,C0324,2025-05-30,Completed
O01020,C0324,2025-06-22,Completed
O01021,C0324,2024-03-19,Completed
O01022,C0325,2024-01-18,Completed
O01023,C0325,2025-06-19,Completed
O01024,C0325,2024-08-15,Completed
O01025,C0325,2024-11-10,Completed
O01026,C0325,2025-03-11,Completed
O01027,C0325,2025-05-10,Completed
O01028,C0326,2024-03-01,Completed
O01029,C0326,2024-01-11,Completed
O01030,C0326,2024-07-29,Cancelled
O01031,C0326,2024-04-02,Completed
O01032,C0326,2024-12-22,Completed
O01033,C0327,2025-06-01,Completed
O01034,C0327,2024-01-15,Completed
O01035,C0327,2024-06-24,Completed
O01036,C0327,2024-08-07,Completed
O01037,C0327,2024-07-04,Completed
O01038,C0328,2024-08-21,Completed
O01039,C0328,2025-06-16,Completed
O01040,C0329,2024-02-11,Completed
O01041,C0329,2024-04-28,Completed
O01042,C0330,2024-08-19,Cancelled
O01043,C0330,2025-01-11,Completed
O01044,C0331,2025-02-09,Completed
O01045,C0332,2025-02-14,Completed
O01046,C0332,2024-03-07,Completed
O01047,C0332,2025-02-17,Completed
O01048,C0332,2025-05-26,Completed
O01049,C0332,2025-02-13,Completed
O01050,C0332,2025-06-07,Completed
O01051,C0334,2024-09-13,Completed
O01052,C0334,2024-02-24,Completed
O01053,C0335,2024-07-02,Completed
O01054,C0336,2024-04-08,Completed
O01055,C0336,2025-05-19,Completed
O01056,C0336,2024-09-24,Returned
O01057,C0336,2024-02-02,Completed
O01058,C0336,2025-01-20,Completed
O01059,C0336,2024-11-06,Completed
O01060,C0337,2024-11-15,Completed
O01061,C0337,2025-04-26,Completed
O01062,C0337,2024-09-26,Completed
O01063,C0337,2024-11-24,Completed
O01064,C0337,2024-02-16,Completed
O01065,C0337,2024-01-28,Completed
O01066,C0337,2024-12-31,Completed
O01067,C0338,2024-11-15,Completed
O01068,C0338,2024-11-08,Completed
O01069,C0338,2024-01-21,Completed
O01070,C0338,2025-06-11,Completed
O01071,C0339,2024-11-20,Completed
O01072,C0339,2025-05-15,Completed
O01073,C0340,2024-12-10,Completed
O01074,C0340,2025-01-07,Completed
O01075,C0340,2024-10-21,Completed
O01076,C0341,2024-08-19,Completed
O01077,C0341,2024-04-07,Completed
O01078,C0342,2025-05-01,Completed
O01079,C0342,2024-11-03,Completed
O01080,C0342,2025-02-15,Completed
O01081,C0342,2024-07-03,Completed
O01082,C0342,2024-07-10,Completed
O01083,C0343,2025-03-20,Completed
O01084,C0344,2025-01-08,Completed
O01085,C0344,2025-02-24,Completed
O01086,C0344,2024-09-30,Completed
O01087,C0344,2024-08-29,Completed
O01088,C0344,2024-09-08,Completed
O01089,C0345,2025-03-08,Completed
O01090,C0345,2024-10-06,Returned
O01091,C0345,2024-06-29,Completed
O01092,C0346,2024-01-21,Completed
O01093,C0346,2024-11-17,Completed
O01094,C0347,2024-04-02,Completed
O01095,C0347,2025-05-27,Completed
O01096,C0347,2025-06-21,Completed
O01097,C0348,2024-05-05,Completed
O01098,C0348,2025-03-09,Completed
O01099,C0348,2024-08-07,Completed
O01100,C0348,2024-02-27,Completed
O01101,C0350,2025-03-09,Completed
O01102,C0350,2025-05-01,Completed
O01103,C0350,2024-02-05,Completed
O01104,C0351,2024-09-16,Completed
O01105,C0352,2025-03-29,Completed
O01106,C0352,2024-08-29,Completed
O01107,C0353,2025-02-20,Completed
O01108,C0353,2025-05-18,Completed
O01109,C0353,2024-06-13,Completed
O01110,C0353,2024-11-30,Completed
O01111,C0353,2024-05-19,Completed
O01112,C0353,2024-11-08,Completed
O01113,C0353,2024-09-12,Completed
O01114,C0354,2024-11-23,Completed
O01115,C0354,2024-12-01,Completed
O01116,C0354,2024-07-05,Completed
O01117,C0354,2024-01-24,Completed
O01118,C0354,2024-07-22,Completed
O01119,C0354,2025-03-15,Cancelled
O01120,C0354,2024-04-30,Completed
O01121,C0355,2025-03-21,Completed
O01122,C0355,2024-07-14,Completed
O01123,C0355,2025-03-17,Completed
O01124,C0355,2024-07-12,Completed
O01125,C0357,2024-09-25,Completed
O01126,C0357,2025-01-13,Completed
O01127,C0358,2025-02-11,Completed
O01128,C0358,2024-09-19,Completed
O01129,C0358,2024-03-01,Completed
O01130,C0358,2025-04-27,Completed
O01131,C0358,2024-09-16,Completed
O01132,C0358,2024-02-12,Completed
O01133,C0358,2025-05-19,Completed
O01134,C0358,2024-11-20,Completed
O01135,C0359,2024-05-10,Completed
O01136,C0360,2024-09-26,Completed
O01137,C0360,2024-11-19,Completed
O01138,C0360,2024-07-12,Completed
O01139,C0360,2024-02-06,Completed
O01140,C0360,2025-05-21,Completed
O01141,C0361,2025-05-11,Completed
O01142,C0361,2024-04-05,Completed
O01143,C0361,2024-06-21,Completed
O01144,C0362,2024-01-05,Completed
O01145,C0362,2025-05-25,Completed
O01146,C0362,2024-01-27,Completed
O01147,C0362,2024-04-18,Completed
O01148,C0362,2025-05-06,Completed
O01149,C0362,2024-02-14,Completed
O01150,C0363,2024-10-16,Completed
O01151,C0364,2025-01-25,Completed
O01152,C0364,2024-07-01,Completed
O01153,C0365,2024-01-22,Completed
O01154,C0365,2024-10-18,Completed
O01155,C0365,2025-03-18,Completed
O01156,C0365,2024-04-08,Completed
O01157,C0366,2025-02-01,Completed
O01158,C0366,2025-03-08,Completed
O01159,C0366,2024-04-05,Completed
O01160,C0366,2025-04-19,Completed
O01161,C0366,2025-06-23,Completed
O01162,C0366,2025-03-23,Returned
O01163,C0366,2024-11-03,Completed
O01164,C0366,2025-06-19,Completed
O01165,C0367,2024-02-16,Completed
O01166,C0368,2025-02-26,Completed
O01167,C0368,2024-09-16,Completed
O01168,C0368,2024-01-17,Completed
O01169,C0369,2024-07-02,Completed
O01170,C0370,2024-03-26,Completed
O01171,C0370,2025-04-05,Completed
O01172,C0370,2024-03-21,Completed
O01173,C0370,2024-01-19,Completed
O01174,C0370,2024-01-14,Completed
O01175,C0372,2025-02-18,Cancelled
O01176,C0372,2024-11-05,Completed
O01177,C0372,2024-01-15,Completed
O01178,C0374,2024-01-28,Completed
O01179,C0374,2025-03-22,Completed
O01180,C0374,2024-05-31,Cancelled
O01181,C0374,2025-03-31,Completed
O01182,C0374,2024-07-25,Completed
O01183,C0374,2024-01-09,Completed
O01184,C0375,2025-03-01,Completed
O01185,C0375,2024-02-07,Completed
O01186,C0376,2025-05-14,Completed
O01187,C0376,2024-01-20,Cancelled
O01188,C0376,2025-03-03,Completed
O01189,C0377,2025-03-22,Completed
O01190,C0378,2024-07-15,Completed
O01191,C0378,2024-12-13,Completed
O01192,C0378,2025-04-28,Completed
O01193,C0378,2024-03-29,Returned
O01194,C0379,2025-05-18,Completed
O01195,C0379,2025-05-20,Completed
O01196,C0379,2024-01-19,Completed
O01197,C0380,2024-06-27,Cancelled
O01198,C0380,2024-12-11,Completed
O01199,C0380,2024-08-17,Completed
O01200,C0380,2024-09-30,Completed
O01201,C0380,2024-04-16,Completed
O01202,C0381,2025-04-13,Completed
O01203,C0381,2024-04-14,Completed
O01204,C0381,2024-06-20,Cancelled
O01205,C0381,2025-01-05,Completed
O01206,C0381,2025-06-02,Completed
O01207,C0381,2024-05-21,Completed
O01208,C0382,2025-03-25,Completed
O01209,C0382,2024-10-20,Completed
O01210,C0383,2025-02-28,Completed
O01211,C0383,2025-03-07,Completed
O01212,C0383,2025-02-23,Completed
O01213,C0383,2024-05-29,Completed
O01214,C0383,2024-03-12,Completed
O01215,C0384,2025-02-15,Completed
O01216,C0384,2024-02-07,Completed
O01217,C0384,2025-06-16,Completed
O01218,C0385,2024-11-17,Completed
O01219,C0386,2024-05-30,Completed
O01220,C0386,2025-03-28,Completed
O01221,C0386,2024-03-27,Completed
O01222,C0386,2025-02-03,Completed
O01223,C0387,2024-08-06,Completed
O01224,C0387,2024-11-15,Completed
O01225,C0387,2024-09-21,Completed
O01226,C0388,2025-06-01,Completed
O01227,C0388,2025-01-16,Completed
O01228,C0388,2024-02-18,Completed
O01229,C0388,2024-01-06,Completed
O01230,C0389,2024-08-27,Completed
O01231,C0389,2025-01-21,Completed
O01232,C0389,2024-07-16,Completed
O01233,C0389,2025-02-25,Completed
O01234,C0389,2025-03-11,Completed
O01235,C0389,2024-03-20,Completed
O01236,C0389,2025-06-15,Completed
O01237,C0389,2025-03-26,Returned
O01238,C0390,2024-05-10,Completed
O01239,C0390,2024-04-30,Completed
O01240,C0391,2024-06-09,Completed
O01241,C0391,2024-04-22,Completed
O01242,C0391,2024-10-23,Completed
O01243,C0391,2024-04-30,Completed
O01244,C0391,2025-05-12,Completed
O01245,C0392,2024-05-25,Completed
O01246,C0393,2025-05-15,Completed
O01247,C0394,2024-12-23,Completed
O01248,C0395,2025-03-03,Completed
O01249,C0395,2025-01-21,Completed
O01250,C0396,2025-04-16,Completed
O01251,C0396,2025-02-23,Completed
O01252,C0397,2025-03-29,Cancelled
O01253,C0398,2024-11-12,Completed
O01254,C0398,2024-03-28,Completed
O01255,C0398,2024-02-24,Completed
O01256,C0398,2024-01-20,Completed
O01257,C0398,2024-07-03,Completed
O01258,C0398,2024-09-08,Completed
O01259,C0399,2024-02-16,Completed
O01260,C0399,2025-02-28,Completed
O01261,C0399,2024-11-20,Completed
O01262,C0400,2024-06-21,Completed
O01263,C0400,2024-06-06,Completed
O01264,C0401,2024-11-29,Completed
O01265,C0401,2025-02-03,Completed
O01266,C0402,2025-02-26,Cancelled
O01267,C0402,2024-07-26,Completed
O01268,C0402,2024-08-30,Completed
O01269,C0402,2024-03-03,Completed
O01270,C0402,2025-05-10,Completed
O01271,C0402,2024-01-20,Completed
O01272,C0402,2024-05-08,Completed
O01273,C0403,2025-05-27,Completed
O01274,C0405,2024-06-21,Completed
O01275,C0405,2025-04-07,Completed
O01276,C0405,2024-10-23,Completed
O01277,C0405,2024-10-06,Completed
O01278,C0406,2025-06-06,Completed
O01279,C0407,2024-03-12,Completed
O01280,C0408,2024-10-13,Completed
O01281,C0408,2024-09-24,Completed
O01282,C0408,2025-04-15,Completed
O01283,C0409,2025-05-02,Completed
O01284,C0410,2024-06-26,Completed
O01285,C0410,2024-03-20,Cancelled
O01286,C0411,2024-05-06,Completed
O01287,C0411,2025-01-31,Completed
O01288,C0411,2025-04-18,Completed
O01289,C0411,2024-08-14,Completed
O01290,C0411,2025-01-01,Completed
O01291,C0412,2024-08-14,Completed
O01292,C0412,2024-10-14,Completed
O01293,C0412,2025-02-09,Completed
O01294,C0412,2025-05-27,Returned
O01295,C0412,2024-06-28,Completed
O01296,C0413,2024-03-07,Completed
O01297,C0413,2025-06-19,Completed
O01298,C0413,2024-09-15,Completed
O01299,C0413,2025-02-20,Completed
O01300,C0414,2025-01-05,Completed
O01301,C0414,2024-02-18,Completed
O01302,C0414,2024-11-19,Completed
O01303,C0414,2024-12-08,Completed
O01304,C0414,2024-01-26,Completed
O01305,C0414,2024-09-12,Completed
O01306,C0414,2024-03-05,Completed
O01307,C0414,2025-03-18,Completed
O01308,C0415,2024-09-13,Completed
O01309,C0415,2024-12-14,Completed
O01310,C0415,2025-06-16,Completed
O01311,C0415,2025-03-25,Completed
O01312,C0416,2024-05-07,Completed
O01313,C0416,2025-01-21,Completed
O01314,C0416,2025-03-28,Completed
O01315,C0416,2025-03-18,Completed
O01316,C0416,2024-02-23,Completed
O01317,C0416,2025-02-24,Returned
O01318,C0416,2024-01-11,Completed
O01319,C0417,2024-04-13,Completed
O01320,C0417,2024-12-02,Completed
O01321,C0417,2024-03-10,Completed
O01322,C0417,2025-06-05,Completed
O01323,C0418,2025-03-31,Cancelled
O01324,C0418,2024-03-02,Completed
O01325,C0418,2025-06-09,Completed
O01326,C0418,2024-05-30,Completed
O01327,C0418,2024-01-09,Completed
O01328,C0418,2024-02-25,Completed
O01329,C0418,2024-12-15,Completed
O01330,C0420,2024-12-05,Completed
O01331,C0420,2024-06-15,Completed
O01332,C0420,2025-05-22,Completed
O01333,C0421,2024-08-23,Completed
O01334,C0421,2025-01-19,Completed
O01335,C0422,2025-01-06,Completed
O01336,C0423,2024-01-31,Completed
O01337,C0423,2025-03-26,Completed
O01338,C0423,2024-02-14,Completed
O01339,C0423,2024-10-17,Completed
O01340,C0423,2024-12-13,Cancelled
O01341,C0423,2024-06-29,Cancelled
O01342,C0423,2025-01-23,Completed
O01343,C0423,2024-11-08,Completed
O01344,C0424,2025-03-20,Completed
O01345,C0424,2024-05-13,Completed
O01346,C0425,2025-01-18,Completed
O01347,C0426,2024-07-12,Completed
O01348,C0426,2024-02-24,Completed
O01349,C0426,2025-05-15,Completed
O01350,C0426,2024-03-07,Completed
O01351,C0428,2025-01-18,Completed
O01352,C0428,2025-06-22,Completed
O01353,C0430,2025-02-14,Completed
O01354,C0430,2024-07-26,Completed
O01355,C0430,2025-03-11,Completed
O01356,C0431,2024-03-27,Cancelled
O01357,C0431,2025-03-31,Completed
O01358,C0432,2025-06-08,Completed
O01359,C0432,2025-02-22,Completed
O01360,C0432,2025-01-26,Returned
O01361,C0432,2024-08-27,Completed
O01362,C0432,2024-10-28,Cancelled
O01363,C0433,2024-08-21,Completed
O01364,C0433,2025-01-03,Completed
O01365,C0434,2024-12-07,Completed
O01366,C0434,2024-11-05,Completed
O01367,C0434,2024-09-24,Completed
O01368,C0434,2024-10-15,Completed
O01369,C0434,2024-01-13,Completed
O01370,C0435,2024-08-20,Completed
O01371,C0435,2025-04-24,Returned
O01372,C0435,2025-03-03,Completed
O01373,C0435,2024-01-31,Completed
O01374,C0436,2024-01-10,Completed
O01375,C0436,2025-03-11,Completed
O01376,C0436,2024-01-24,Completed
O01377,C0436,2024-06-06,Completed
O01378,C0437,2025-02-04,Completed
O01379,C0437,2024-07-11,Completed
O01380,C0438,2024-04-05,Completed
O01381,C0438,2024-02-02,Completed
O01382,C0438,2024-10-17,Completed
O01383,C0438,2024-03-12,Completed
O01384,C0438,2024-11-30,Completed
O01385,C0438,2025-03-04,Completed
O01386,C0438,2024-07-29,Completed
O01387,C0438,2024-11-13,Completed
O01388,C0439,2024-07-25,Completed
O01389,C0439,2024-03-06,Cancelled
O01390,C0439,2025-05-17,Completed
O01391,C0440,2025-04-12,Completed
O01392,C0441,2024-06-28,Completed
O01393,C0442,2025-01-28,Completed
O01394,C0442,2025-02-06,Completed
O01395,C0442,2024-10-07,Returned
O01396,C0442,2025-02-25,Completed
O01397,C0442,2024-04-17,Completed
O01398,C0442,2024-07-31,Completed
O01399,C0442,2024-03-15,Completed
O01400,C0443,2024-02-08,Completed
O01401,C0444,2024-05-19,Returned
O01402,C0444,2024-03-10,Completed
O01403,C0444,2025-03-24,Completed
O01404,C0445,2024-06-23,Completed
O01405,C0445,2024-06-30,Completed
O01406,C0445,2024-03-20,Completed
O01407,C0447,2024-06-06,Completed
O01408,C0447,2024-08-09,Completed
O01409,C0447,2024-11-11,Completed
O01410,C0447,2024-07-25,Completed
O01411,C0448,2024-04-03,Completed
O01412,C0449,2024-01-15,Completed
O01413,C0449,2024-04-08,Completed
O01414,C0449,2025-03-01,Completed
O01415,C0449,2024-11-26,Completed
O01416,C0449,2025-02-08,Completed
O01417,C0449,2024-11-27,Completed
O01418,C0449,2024-01-13,Completed
O01419,C0449,2025-01-12,Completed
O01420,C0450,2025-02-24,Completed
O01421,C0450,2024-06-24,Completed
O01422,C0450,2024-05-16,Cancelled
O01423,C0450,2024-12-09,Completed
O01424,C0451,2025-04-04,Completed
O01425,C0452,2024-08-26,Completed
O01426,C0453,2024-11-12,Cancelled
O01427,C0453,2024-03-22,Completed
O01428,C0453,2025-05-25,Completed
O01429,C0453,2024-02-08,Completed
O01430,C0453,2024-12-02,Completed
O01431,C0453,2025-06-17,Completed
O01432,C0453,2024-12-16,Completed
O01433,C0453,2024-09-11,Completed
O01434,C0454,2024-11-25,Completed
O01435,C0454,2025-05-18,Cancelled
O01436,C0454,2024-02-23,Completed
O01437,C0454,2024-04-03,Completed
O01438,C0454,2024-08-29,Completed
O01439,C0454,2024-11-14,Completed
O01440,C0454,2025-03-10,Completed
O01441,C0454,2024-10-19,Completed
O01442,C0455,2025-01-03,Cancelled
O01443,C0456,2025-06-01,Completed
O01444,C0456,2025-03-13,Completed
O01445,C0456,2024-06-05,Completed
O01446,C0456,2024-11-09,Completed
O01447,C0456,2024-03-14,Completed
O01448,C0457,2024-07-13,Completed
O01449,C0458,2025-01-18,Completed
O01450,C0458,2025-05-16,Completed
O01451,C0458,2024-02-09,Completed
O01452,C0459,2024-06-15,Cancelled
O01453,C0459,2024-12-22,Completed
O01454,C0460,2024-09-09,Returned
O01455,C0460,2024-01-29,Cancelled
O01456,C0461,2024-05-30,Completed
O01457,C0461,2024-01-13,Completed
O01458,C0461,2025-01-28,Completed
O01459,C0461,2025-03-09,Completed
O01460,C0461,2024-11-05,Completed
O01461,C0462,2024-12-18,Cancelled
O01462,C0462,2024-11-11,Completed
O01463,C0462,2024-01-02,Returned
O01464,C0463,2025-06-21,Completed
O01465,C0463,2025-01-18,Completed
O01466,C0463,2025-05-13,Completed
O01467,C0464,2024-08-05,Completed
O01468,C0464,2024-07-15,Completed
O01469,C0464,2024-04-21,Completed
O01470,C0464,2025-01-21,Completed
O01471,C0464,2024-12-16,Completed
O01472,C0464,2025-05-04,Completed
O01473,C0465,2024-01-08,Completed
O01474,C0465,2025-06-18,Completed
O01475,C0466,2025-06-16,Completed
O01476,C0467,2025-03-15,Completed
O01477,C0467,2025-01-04,Completed
O01478,C0467,2024-04-12,Completed
O01479,C0467,2024-05-22,Completed
O01480,C0467,2025-06-27,Completed
O01481,C0467,2025-05-01,Completed
O01482,C0468,2025-01-03,Completed
O01483,C0469,2025-03-30,Completed
O01484,C0469,2024-03-24,Completed
O01485,C0469,2024-10-27,Completed
O01486,C0470,2025-05-31,Completed
O01487,C0470,2024-03-30,Completed
O01488,C0470,2025-04-01,Completed
O01489,C0470,2024-09-03,Completed
O01490,C0470,2024-04-18,Completed
O01491,C0470,2024-10-14,Completed
O01492,C0470,2024-05-06,Completed
O01493,C0471,2024-04-02,Returned
O01494,C0471,2024-03-07,Completed
O01495,C0472,2024-08-26,Completed
O01496,C0472,2024-03-30,Completed
O01497,C0472,2024-07-11,Completed
O01498,C0472,2024-05-10,Completed
O01499,C0472,2024-03-04,Completed
O01500,C0472,2024-11-23,Completed
O01501,C0473,2024-08-15,Completed
O01502,C0473,2025-04-16,Completed
O01503,C0473,2025-04-11,Completed
O01504,C0473,2024-02-05,Completed
O01505,C0474,2025-05-04,Completed
O01506,C0474,2024-03-01,Returned
O01507,C0474,2024-07-02,Returned
O01508,C0475,2025-02-05,Completed
O01509,C0476,2025-02-04,Completed
O01510,C0476,2024-10-16,Completed
O01511,C0476,2024-04-09,Completed
O01512,C0477,2024-11-07,Completed
O01513,C0477,2025-05-09,Completed
O01514,C0478,2024-07-19,Completed
O01515,C0478,2024-04-14,Completed
O01516,C0478,2024-02-27,Completed
O01517,C0478,2024-07-02,Completed
O01518,C0479,2024-12-12,Completed
O01519,C0479,2024-09-03,Returned
O01520,C0480,2024-04-01,Returned
O01521,C0480,2024-01-12,Completed
O01522,C0480,2024-05-04,Completed
O01523,C0480,2025-05-06,Completed
O01524,C0480,2025-01-28,Completed
O01525,C0480,2024-04-11,Completed
O01526,C0480,2024-01-21,Completed
O01527,C0480,2025-06-15,Completed
O01528,C0481,2024-04-30,Completed
O01529,C0481,2024-01-06,Completed
O01530,C0481,2024-07-30,Completed
O01531,C0481,2024-02-05,Completed
O01532,C0481,2024-11-01,Completed
O01533,C0481,2024-09-11,Completed
O01534,C0481,2025-03-31,Completed
O01535,C0481,2025-06-19,Completed
O01536,C0482,2024-04-11,Completed
O01537,C0482,2024-07-11,Completed
O01538,C0482,2024-08-09,Completed
O01539,C0483,2024-03-17,Completed
O01540,C0483,2025-04-12,Completed
O01541,C0483,2025-03-11,Completed
O01542,C0484,2024-10-02,Completed
O01543,C0484,2025-06-07,Returned
O01544,C0484,2025-03-20,Completed
O01545,C0485,2024-05-07,Completed
O01546,C0485,2025-02-20,Completed
O01547,C0485,2025-01-06,Cancelled
O01548,C0486,2024-10-07,Completed
O01549,C0486,2024-08-15,Completed
O01550,C0486,2024-11-09,Completed
O01551,C0486,2024-10-04,Completed
O01552,C0487,2024-06-23,Returned
O01553,C0488,2025-06-28,Returned
O01554,C0489,2025-06-09,Completed
O01555,C0489,2025-01-22,Completed
O01556,C0489,2025-03-04,Completed
O01557,C0489,2024-10-20,Completed
O01558,C0489,2024-11-08,Completed
O01559,C0490,2025-02-20,Completed
O01560,C0490,2024-09-02,Completed
O01561,C0491,2024-02-28,Completed
O01562,C0491,2025-05-19,Completed
O01563,C0491,2025-06-04,Completed
O01564,C0491,2025-06-29,Completed
O01565,C0491,2024-07-13,Completed
O01566,C0492,2024-12-19,Completed
O01567,C0492,2024-02-13,Cancelled
O01568,C0492,2025-01-10,Completed
O01569,C0494,2025-03-08,Completed
O01570,C0496,2024-09-12,Completed
O01571,C0497,2025-05-09,Completed
O01572,C0497,2025-02-07,Completed
O01573,C0497,2024-02-06,Completed
O01574,C0497,2024-01-07,Completed
O01575,C0497,2024-12-24,Returned
O01576,C0497,2024-04-13,Completed
O01577,C0497,2024-06-06,Completed
O01578,C0498,2024-08-19,Completed
O01579,C0498,2024-07-05,Completed
O01580,C0498,2024-05-23,Completed
O01581,C0499,2024-07-22,Completed
O01582,C0499,2024-02-11,Completed
O01583,C0499,2024-02-02,Completed
O01584,C0499,2024-09-29,Completed
O01585,C0499,2025-05-22,Completed
O01586,C0500,2025-02-02,Completed
