customer_id,total_revenue,total_orders,total_items,first_order,last_order,avg_order_value,customer_name,gender,age,region,signup_date
C0001,5090.4400000000005,1,13,2025-05-23,2025-05-23,5090.4400000000005,Customer 1,Male,19,North,2024-11-23
C0002,9255.23,7,51,2024-03-21,2025-04-02,1322.1757142857143,Customer 2,Male,26,East,2024-05-05
C0003,5774.83,3,21,2024-04-26,2024-06-06,1924.9433333333334,Customer 3,Other,52,East,2024-12-12
C0004,6518.32,4,24,2024-07-23,2025-04-07,1629.58,Customer 4,Female,20,East,2024-10-29
C0005,17393.81,8,72,2024-03-16,2025-06-04,2174.22625,Customer 5,Male,32,Central,2024-02-17
C0006,2756.74,2,11,2024-11-07,2024-12-20,1378.37,Customer 6,Male,53,West,2024-11-04
C0007,2880.54,2,15,2024-04-05,2024-10-08,1440.27,Customer 7,Other,52,South,2025-01-01
C0008,1459.05,1,7,2024-06-24,2024-06-24,1459.05,Customer 8,Female,55,North,2024-04-22
C0009,3368.79,2,14,2024-03-24,2024-09-28,1684.395,Customer 9,Male,28,South,2025-02-18
C0011,4615.16,2,23,2024-02-01,2024-09-07,2307.58,Customer 11,Female,24,East,2025-05-05
C0013,6952.63,4,34,2024-04-09,2024-09-04,1738.1575,Customer 13,Female,20,South,2024-11-05
C0014,7443.96,4,31,2024-11-16,2025-06-11,1860.99,Customer 14,Male,42,East,2024-10-01
C0015,939.52,1,12,2024-02-21,2024-02-21,939.52,Customer 15,Female,58,Central,2024-10-09
C0016,3556.63,2,10,2024-01-09,2024-09-27,1778.315,Customer 16,Female,54,West,2025-03-29
C0017,12326.67,5,47,2024-05-01,2025-06-05,2465.334,Customer 17,Male,20,West,2024-12-26
C0018,5214.82,1,16,2024-12-07,2024-12-07,5214.82,Customer 18,Female,23,West,2025-01-30
C0019,5079.0,2,23,2024-05-23,2025-06-29,2539.5,Customer 19,Male,42,North,2025-03-19
C0020,1567.3,1,10,2025-01-12,2025-01-12,1567.3,Customer 20,Other,41,West,2024-08-20
C0021,1398.2099999999998,2,9,2024-07-14,2025-03-04,699.1049999999999,Customer 21,Female,31,North,2024-07-08
C0022,11014.98,4,42,2024-11-28,2025-06-29,2753.745,Customer 22,Other,59,East,2024-12-25
C0023,5697.83,3,26,2024-07-31,2024-11-01,1899.2766666666666,Customer 23,Other,28,Central,2024-11-07
C0024,7708.08,3,28,2024-09-19,2025-01-23,2569.36,Customer 24,Male,28,South,2025-01-08
C0025,2035.0,1,10,2024-10-05,2024-10-05,2035.0,Customer 25,Female,58,Central,2024-07-13
C0026,3559.7799999999997,4,32,2024-08-26,2025-02-20,889.9449999999999,Customer 26,Other,38,East,2024-04-22
C0027,1602.68,2,7,2024-03-01,2024-08-25,801.34,Customer 27,Male,38,South,2024-04-27
C0028,11701.79,7,57,2024-01-10,2025-05-31,1671.6842857142858,Customer 28,Male,31,Central,2024-05-17
C0029,5447.88,3,31,2024-05-23,2025-03-13,1815.96,Customer 29,Other,38,West,2025-03-24
C0031,2325.69,1,14,2024-05-01,2024-05-01,2325.69,Customer 31,Female,26,West,2024-03-14
C0032,7901.03,5,49,2024-03-04,2025-04-27,1580.206,Customer 32,Other,52,North,2025-01-16
C0033,9363.01,5,44,2024-01-04,2024-11-11,1872.602,Customer 33,Other,45,Central,2025-01-17
C0034,12387.63,5,46,2024-03-11,2025-03-09,2477.526,Customer 34,Female,32,West,2024-07-23
C0035,605.73,1,3,2025-06-25,2025-06-25,605.73,Customer 35,Female,23,East,2024-09-17
C0036,3690.18,2,21,2024-01-24,2025-01-23,1845.09,Customer 36,Male,27,West,2025-03-16
C0037,2726.41,3,16,2024-01-17,2024-06-07,908.8033333333333,Customer 37,Other,45,Central,2025-02-09
C0038,12873.19,6,53,2024-05-23,2025-03-25,2145.5316666666668,Customer 38,Female,42,Central,2024-02-02
C0040,10860.61,5,37,2024-02-22,2025-01-14,2172.1220000000003,Customer 40,Male,25,Central,2025-03-16
C0041,611.4100000000001,1,7,2024-09-05,2024-09-05,611.4100000000001,Customer 41,Female,59,North,2025-01-19
C0042,2121.6400000000003,1,12,2024-11-25,2024-11-25,2121.6400000000003,Customer 42,Female,45,West,2024-02-27
C0043,8582.81,6,46,2024-04-10,2025-03-03,1430.4683333333332,Customer 43,Male,34,Central,2024-08-20
C0044,7147.79,5,19,2024-03-17,2025-02-26,1429.558,Customer 44,Male,50,East,2025-01-25
C0045,6976.89,5,37,2024-04-19,2025-05-14,1395.3780000000002,Customer 45,Other,37,Central,2025-03-21
C0046,1531.03,1,8,2024-09-03,2024-09-03,1531.03,Customer 46,Male,27,North,2024-11-07
C0047,1592.1,1,8,2024-12-28,2024-12-28,1592.1,Customer 47,Male,52,Central,2025-01-25
C0048,2959.98,3,20,2024-02-02,2025-02-19,986.66,Customer 48,Male,56,North,2025-04-15
C0049,3490.95,3,17,2024-08-23,2025-03-20,1163.6499999999999,Customer 49,Male,25,North,2024-09-07
C0050,6281.11,5,33,2024-01-17,2025-02-02,1256.222,Customer 50,Female,33,East,2025-03-25
C0051,792.45,1,5,2024-08-25,2024-08-25,792.45,Customer 51,Other,23,East,2024-05-03
C0052,1764.19,1,11,2025-02-10,2025-02-10,1764.19,Customer 52,Female,22,Central,2025-01-09
C0053,2015.0700000000002,1,10,2024-08-21,2024-08-21,2015.0700000000002,Customer 53,Male,26,South,2025-01-27
C0054,4797.03,4,18,2024-10-01,2025-01-24,1199.2575,Customer 54,Other,28,North,2025-04-29
C0055,1733.24,1,9,2024-03-30,2024-03-30,1733.24,Customer 55,Other,45,West,2024-09-27
C0056,1724.43,1,10,2025-06-08,2025-06-08,1724.43,Customer 56,Other,30,North,2025-04-20
C0057,1005.48,1,13,2025-02-27,2025-02-27,1005.48,Customer 57,Other,59,North,2024-07-23
C0058,5551.92,6,38,2024-03-05,2025-06-17,925.32,Customer 58,Other,46,East,2024-08-12
C0059,8901.57,4,34,2024-05-19,2025-05-17,2225.3925,Customer 59,Male,22,North,2024-05-06
C0060,12331.130000000001,5,43,2024-05-22,2025-05-05,2466.226,Customer 60,Other,53,West,2024-01-11
C0061,1005.0799999999999,2,12,2024-12-29,2025-02-13,502.53999999999996,Customer 61,Male,18,East,2024-10-28
C0062,3281.65,1,15,2024-04-10,2024-04-10,3281.65,Customer 62,Other,21,West,2024-12-28
C0063,12938.09,5,48,2024-06-03,2025-05-09,2587.618,Customer 63,Male,39,East,2024-02-04
C0064,2788.7,4,20,2024-04-21,2024-11-22,697.175,Customer 64,Male,35,South,2024-09-20
C0065,1776.52,1,6,2025-04-18,2025-04-18,1776.52,Customer 65,Other,26,Central,2024-04-19
C0067,7663.82,4,36,2024-04-26,2025-06-24,1915.955,Customer 67,Female,30,East,2025-02-17
C0068,1642.0,2,5,2024-10-31,2024-11-16,821.0,Customer 68,Other,45,North,2024-02-19
C0069,8940.550000000001,2,29,2024-07-09,2025-02-01,4470.275000000001,Customer 69,Female,47,East,2024-08-04
C0070,2830.19,1,9,2025-05-16,2025-05-16,2830.19,Customer 70,Other,59,East,2024-12-10
C0071,981.98,1,9,2025-03-01,2025-03-01,981.98,Customer 71,Female,39,East,2024-02-01
C0072,7106.6,3,20,2024-08-13,2025-05-22,2368.866666666667,Customer 72,Male,30,Central,2024-05-07
C0073,10154.43,5,31,2024-07-30,2025-03-14,2030.886,Customer 73,Male,45,West,2024-08-17
C0074,11352.59,5,48,2024-05-18,2025-06-29,2270.518,Customer 74,Female,33,East,2024-05-22
C0075,3864.83,4,23,2024-12-01,2025-04-14,966.2075,Customer 75,Other,24,East,2024-08-14
C0077,3626.5699999999997,1,12,2024-08-11,2024-08-11,3626.5699999999997,Customer 77,Male,28,South,2025-04-19
C0079,5860.08,6,33,2024-06-11,2025-05-11,976.68,Customer 79,Male,28,South,2025-04-07
C0080,4367.92,2,17,2024-05-15,2024-08-19,2183.96,Customer 80,Female,34,South,2024-01-02
C0082,2702.2999999999997,2,19,2024-04-15,2024-05-16,1351.1499999999999,Customer 82,Male,36,West,2024-03-20
C0083,1087.3,1,5,2024-01-09,2024-01-09,1087.3,Customer 83,Male,55,Central,2025-05-10
C0084,5083.88,3,20,2024-05-23,2024-12-25,1694.6266666666668,Customer 84,Other,38,East,2024-02-01
C0085,2154.14,1,6,2024-09-11,2024-09-11,2154.14,Customer 85,Other,48,Central,2024-01-26
C0086,7177.21,3,25,2024-02-25,2025-06-14,2392.403333333333,Customer 86,Other,28,East,2025-04-15
C0087,490.75,1,3,2024-01-18,2024-01-18,490.75,Customer 87,Other,23,West,2025-05-06
C0088,11593.21,6,42,2024-03-08,2025-02-15,1932.2016666666666,Customer 88,Other,22,West,2024-02-05
C0090,6222.780000000001,5,29,2024-01-12,2024-09-07,1244.556,Customer 90,Other,20,Central,2024-10-23
C0091,72.05,1,5,2024-10-05,2024-10-05,72.05,Customer 91,Female,60,Central,2024-02-11
C0092,5458.95,2,22,2024-03-19,2024-06-19,2729.475,Customer 92,Other,38,North,2024-10-16
C0093,6271.070000000001,3,20,2024-04-28,2025-04-28,2090.356666666667,Customer 93,Other,38,West,2024-04-14
C0094,28.82,1,2,2024-05-02,2024-05-02,28.82,Customer 94,Female,26,North,2024-05-15
C0096,10944.03,7,45,2024-01-07,2025-06-12,1563.4328571428573,Customer 96,Other,54,East,2024-08-22
C0097,3718.8,2,16,2024-02-14,2024-08-31,1859.4,Customer 97,Other,31,Central,2024-02-07
C0098,9806.44,3,33,2024-05-13,2025-01-16,3268.8133333333335,Customer 98,Male,40,East,2024-05-15
C0099,9682.98,6,45,2024-03-17,2025-04-22,1613.83,Customer 99,Male,41,North,2025-03-26
C0100,1406.4799999999998,2,8,2024-12-01,2025-02-09,703.2399999999999,Customer 100,Female,52,North,2024-03-21
C0101,11450.72,7,45,2024-02-13,2025-05-23,1635.8171428571427,Customer 101,Other,51,East,2024-11-09
C0102,6994.8,3,27,2024-03-03,2025-04-01,2331.6,Customer 102,Other,37,East,2024-12-07
C0103,2818.35,1,13,2024-05-20,2024-05-20,2818.35,Customer 103,Male,34,East,2025-04-25
C0104,1570.46,1,6,2025-05-29,2025-05-29,1570.46,Customer 104,Male,53,West,2025-03-31
C0105,8145.29,6,36,2024-02-27,2025-04-28,1357.5483333333334,Customer 105,Female,56,West,2024-05-19
C0106,4314.18,3,14,2024-02-27,2024-11-12,1438.0600000000002,Customer 106,Female,31,North,2025-01-02
C0107,2212.46,1,12,2025-06-23,2025-06-23,2212.46,Customer 107,Female,34,East,2024-09-15
C0108,11755.869999999999,6,48,2024-01-23,2025-06-22,1959.3116666666665,Customer 108,Other,45,North,2024-02-17
C0109,8277.5,5,37,2024-01-02,2025-05-23,1655.5,Customer 109,Male,39,West,2024-01-23
C0110,3783.26,3,21,2024-01-12,2024-09-19,1261.0866666666668,Customer 110,Female,28,South,2024-11-22
C0111,2151.7400000000002,1,9,2025-01-22,2025-01-22,2151.7400000000002,Customer 111,Other,45,Central,2024-10-09
C0112,1588.44,4,13,2024-04-17,2025-01-19,397.11,Customer 112,Male,22,West,2024-01-05
C0113,5576.07,5,39,2024-02-24,2025-03-17,1115.214,Customer 113,Male,41,Central,2024-10-06
C0114,7883.24,4,29,2024-06-23,2025-05-06,1970.81,Customer 114,Male,45,West,2024-10-09
C0115,2108.0699999999997,2,13,2024-07-08,2025-04-01,1054.0349999999999,Customer 115,Female,41,East,2024-01-22
C0116,2914.6699999999996,2,12,2024-06-03,2025-04-21,1457.3349999999998,Customer 116,Female,31,West,2025-04-05
C0117,919.84,1,5,2025-02-27,2025-02-27,919.84,Customer 117,Male,40,Central,2024-12-07
C0118,5455.11,3,22,2024-11-02,2025-06-19,1818.37,Customer 118,Female,57,West,2025-03-28
C0119,9261.61,4,35,2024-02-13,2025-02-10,2315.4025,Customer 119,Male,28,West,2025-04-18
C0120,8421.8,6,39,2024-04-12,2025-05-12,1403.6333333333332,Customer 120,Female,19,West,2025-03-27
C0121,3834.49,2,24,2024-07-11,2024-10-14,1917.245,Customer 121,Female,44,West,2025-01-12
C0122,4455.7,2,13,2024-01-30,2025-02-17,2227.85,Customer 122,Male,24,South,2024-05-16
C0123,683.99,2,8,2024-09-12,2025-01-04,341.995,Customer 123,Male,48,West,2025-03-22
C0124,6510.46,5,33,2024-06-15,2025-06-01,1302.092,Customer 124,Female,40,North,2024-04-12
C0125,14429.37,6,55,2024-01-10,2025-01-20,2404.895,Customer 125,Male,32,East,2025-02-24
C0126,3322.55,2,16,2024-11-01,2024-12-10,1661.275,Customer 126,Male,43,North,2024-12-03
C0127,4971.16,2,22,2024-02-28,2024-10-29,2485.58,Customer 127,Male,35,North,2024-05-22
C0128,18098.1,8,69,2024-02-06,2025-06-26,2262.2625,Customer 128,Other,43,Central,2024-11-24
C0129,7326.43,4,27,2024-07-24,2025-04-07,1831.6075,Customer 129,Male,25,North,2024-06-18
C0130,901.46,1,5,2025-05-16,2025-05-16,901.46,Customer 130,Other,34,East,2024-04-01
C0131,4186.16,2,17,2024-02-08,2025-03-20,2093.08,Customer 131,Other,45,North,2024-02-25
C0132,3830.3900000000003,3,15,2024-08-19,2025-05-30,1276.7966666666669,Customer 132,Female,45,Central,2025-01-08
C0133,7832.99,3,27,2024-07-11,2024-10-24,2610.9966666666664,Customer 133,Male,42,Central,2024-09-18
C0134,2192.28,4,20,2024-01-23,2025-01-19,548.07,Customer 134,Female,20,South,2024-04-07
C0135,237.03,1,3,2025-01-24,2025-01-24,237.03,Customer 135,Other,52,West,2024-01-01
C0136,8355.58,5,32,2024-04-30,2025-04-30,1671.116,Customer 136,Female,22,North,2024-07-05
C0137,1717.05,1,5,2024-07-31,2024-07-31,1717.05,Customer 137,Female,60,East,2024-11-15
C0138,4181.4,5,26,2024-02-10,2025-04-20,836.28,Customer 138,Female,50,North,2025-01-03
C0139,6110.58,2,18,2024-04-05,2024-06-23,3055.29,Customer 139,Female,38,South,2024-12-07
C0140,325.22,1,1,2024-06-19,2024-06-19,325.22,Customer 140,Female,53,West,2024-12-22
C0141,5941.36,4,35,2024-01-30,2025-05-09,1485.34,Customer 141,Female,60,South,2024-04-08
C0142,3796.07,4,23,2024-02-25,2025-06-21,949.0175,Customer 142,Other,29,Central,2024-12-12
C0143,4359.88,3,23,2024-11-24,2025-06-03,1453.2933333333333,Customer 143,Female,43,Central,2024-10-18
C0144,8974.62,5,33,2024-08-28,2025-04-03,1794.9240000000002,Customer 144,Male,37,North,2025-03-02
C0145,2377.77,2,16,2025-01-07,2025-04-10,1188.885,Customer 145,Female,55,Central,2024-04-17
C0146,6280.71,5,39,2024-02-16,2025-02-06,1256.142,Customer 146,Female,47,South,2024-12-01
C0147,1491.55,1,6,2025-05-31,2025-05-31,1491.55,Customer 147,Other,31,Central,2024-08-14
C0148,12407.54,4,52,2024-02-19,2025-06-08,3101.885,Customer 148,Other,28,East,2024-08-30
C0149,4494.67,3,25,2024-08-10,2025-06-19,1498.2233333333334,Customer 149,Other,60,Central,2024-05-25
C0150,416.37,1,1,2024-05-28,2024-05-28,416.37,Customer 150,Male,33,North,2024-06-20
C0151,4932.59,3,15,2024-05-29,2024-07-27,1644.1966666666667,Customer 151,Male,27,East,2024-04-25
C0152,8827.7,5,44,2024-04-14,2025-03-02,1765.5400000000002,Customer 152,Male,48,Central,2024-01-24
C0153,1777.81,1,6,2024-03-17,2024-03-17,1777.81,Customer 153,Male,47,South,2025-03-11
C0154,4514.62,3,16,2024-01-06,2025-01-21,1504.8733333333332,Customer 154,Other,54,West,2025-03-29
C0155,5743.18,3,25,2024-11-04,2024-11-26,1914.3933333333334,Customer 155,Other,42,South,2025-01-02
C0156,5041.57,3,20,2024-08-06,2025-06-01,1680.5233333333333,Customer 156,Male,27,East,2024-07-23
C0157,7898.51,5,30,2024-04-26,2025-06-10,1579.702,Customer 157,Male,45,West,2025-04-02
C0158,2834.29,3,17,2024-02-25,2024-12-05,944.7633333333333,Customer 158,Other,51,South,2024-03-31
C0159,5564.91,3,20,2024-03-13,2025-02-02,1854.97,Customer 159,Other,33,East,2024-01-26
C0160,6102.39,4,32,2024-02-01,2025-01-01,1525.5975,Customer 160,Male,47,Central,2024-08-21
C0161,8803.4,6,33,2024-02-25,2025-02-07,1467.2333333333333,Customer 161,Other,38,South,2024-10-13
C0162,5427.5599999999995,4,35,2024-06-05,2025-05-13,1356.8899999999999,Customer 162,Other,50,South,2024-11-09
C0163,5474.76,2,22,2024-01-05,2025-04-18,2737.38,Customer 163,Other,46,West,2025-03-01
C0164,4002.44,2,11,2024-01-20,2025-02-18,2001.22,Customer 164,Female,46,North,2025-01-15
C0165,6969.219999999999,3,34,2024-04-02,2024-10-24,2323.0733333333333,Customer 165,Male,58,North,2025-01-19
C0166,6872.13,5,28,2024-05-29,2025-06-14,1374.426,Customer 166,Other,49,West,2025-01-27
C0167,12573.42,5,49,2024-02-10,2025-06-13,2514.684,Customer 167,Female,22,North,2024-05-20
C0168,7524.450000000001,6,33,2024-01-23,2025-05-05,1254.075,Customer 168,Female,39,North,2024-04-30
C0169,6375.2300000000005,2,22,2024-07-03,2024-08-09,3187.6150000000002,Customer 169,Other,23,West,2025-04-02
C0170,4317.43,2,19,2025-02-24,2025-06-07,2158.715,Customer 170,Male,42,West,2024-03-18
C0171,980.75,1,5,2024-04-21,2024-04-21,980.75,Customer 171,Male,22,South,2024-12-27
C0172,3015.45,1,10,2025-05-31,2025-05-31,3015.45,Customer 172,Female,52,South,2024-07-27
C0173,1301.9,1,5,2025-05-02,2025-05-02,1301.9,Customer 173,Male,31,South,2024-07-31
C0174,11244.12,6,48,2024-05-13,2025-06-18,1874.0200000000002,Customer 174,Other,19,Central,2024-07-18
C0175,443.47,1,1,2025-06-19,2025-06-19,443.47,Customer 175,Female,18,North,2024-07-13
C0176,8866.57,4,38,2024-09-16,2025-05-09,2216.6425,Customer 176,Female,44,Central,2024-06-01
C0178,2786.66,2,14,2024-05-21,2025-05-10,1393.33,Customer 178,Male,49,West,2025-04-04
C0179,1281.78,1,11,2025-02-14,2025-02-14,1281.78,Customer 179,Female,49,East,2024-05-19
C0180,1783.1100000000001,3,21,2024-06-13,2025-03-21,594.37,Customer 180,Female,60,South,2024-07-18
C0181,8771.49,5,37,2024-02-04,2025-05-21,1754.298,Customer 181,Male,47,West,2025-01-05
C0182,5375.1900000000005,5,29,2024-04-02,2025-02-20,1075.038,Customer 182,Other,19,South,2024-11-14
C0184,13140.679999999998,6,57,2024-01-10,2025-05-30,2190.1133333333332,Customer 184,Other,45,West,2024-02-12
C0185,3510.05,3,16,2024-07-06,2025-05-02,1170.0166666666667,Customer 185,Female,29,East,2025-03-19
C0186,4687.13,3,19,2024-03-21,2024-12-30,1562.3766666666668,Customer 186,Female,38,West,2024-05-13
C0188,2416.4700000000003,1,12,2025-01-15,2025-01-15,2416.4700000000003,Customer 188,Female,34,East,2024-05-22
C0189,4370.37,3,29,2024-02-25,2025-02-07,1456.79,Customer 189,Male,52,East,2024-08-28
C0190,10381.48,8,52,2024-08-22,2025-04-16,1297.685,Customer 190,Female,32,East,2025-05-02
C0191,2074.58,1,10,2025-05-26,2025-05-26,2074.58,Customer 191,Other,20,East,2025-02-03
C0193,3912.51,2,19,2024-03-02,2024-04-08,1956.255,Customer 193,Male,33,West,2024-11-14
C0194,1591.51,1,8,2024-09-20,2024-09-20,1591.51,Customer 194,Other,25,Central,2024-08-30
C0195,14638.52,6,56,2024-07-22,2025-02-18,2439.7533333333336,Customer 195,Male,47,North,2025-04-30
C0196,1250.29,2,9,2024-09-14,2025-04-06,625.145,Customer 196,Female,28,Central,2025-01-27
C0197,508.05999999999995,2,5,2025-02-10,2025-04-29,254.02999999999997,Customer 197,Other,25,West,2024-11-06
C0198,9945.19,8,63,2024-02-05,2025-06-20,1243.14875,Customer 198,Female,24,Central,2025-05-08
C0199,3705.17,2,14,2025-01-09,2025-06-19,1852.585,Customer 199,Female,54,South,2024-01-14
C0200,7689.71,3,27,2024-01-09,2025-01-17,2563.2366666666667,Customer 200,Other,30,East,2024-07-22
C0201,5621.610000000001,2,20,2024-10-05,2025-02-08,2810.8050000000003,Customer 201,Other,58,West,2024-10-30
C0202,3393.2000000000003,2,13,2024-07-11,2025-04-08,1696.6000000000001,Customer 202,Other,37,Central,2024-02-22
C0203,7325.71,5,34,2024-01-16,2025-01-15,1465.142,Customer 203,Male,54,East,2025-02-16
C0204,8708.2,7,40,2024-01-13,2025-06-17,1244.0285714285715,Customer 204,Other,45,North,2024-06-26
C0205,5708.24,5,37,2024-01-16,2025-05-01,1141.648,Customer 205,Other,59,North,2024-02-05
C0206,2018.4199999999998,1,6,2024-12-30,2024-12-30,2018.4199999999998,Customer 206,Female,49,East,2024-01-07
C0207,3660.25,2,19,2024-05-08,2024-07-16,1830.125,Customer 207,Female,58,South,2024-08-09
C0208,7688.8099999999995,3,28,2024-07-10,2025-03-24,2562.9366666666665,Customer 208,Male,45,West,2024-12-28
C0209,4928.49,3,17,2025-01-07,2025-04-09,1642.83,Customer 209,Other,59,North,2025-01-10
C0210,5725.780000000001,3,19,2024-04-08,2025-01-31,1908.5933333333335,Customer 210,Other,48,South,2024-11-11
C0211,5967.08,3,21,2024-07-01,2025-05-12,1989.0266666666666,Customer 211,Other,55,North,2024-08-11
C0213,3031.2999999999997,3,20,2024-08-01,2025-03-01,1010.4333333333333,Customer 213,Female,33,South,2025-03-27
C0214,2898.21,4,18,2024-07-02,2025-06-25,724.5525,Customer 214,Other,60,South,2024-10-18
C0215,12156.109999999999,3,36,2024-08-07,2025-04-03,4052.0366666666664,Customer 215,Male,49,North,2024-06-21
C0216,7041.81,6,27,2024-09-12,2025-06-14,1173.635,Customer 216,Female,31,North,2024-04-03
C0217,2235.01,2,11,2024-11-03,2025-05-09,1117.505,Customer 217,Female,39,North,2025-02-12
C0218,26.55,1,1,2025-01-25,2025-01-25,26.55,Customer 218,Other,35,Central,2025-03-26
C0219,1863.5900000000001,1,9,2024-12-08,2024-12-08,1863.5900000000001,Customer 219,Other,30,East,2024-01-06
C0220,11051.81,3,36,2024-02-25,2025-02-06,3683.9366666666665,Customer 220,Other,44,South,2024-05-03
C0221,5381.7,2,25,2024-03-25,2024-03-28,2690.85,Customer 221,Male,48,South,2024-10-11
C0223,3623.45,1,17,2024-07-21,2024-07-21,3623.45,Customer 223,Female,33,North,2024-04-23
C0224,10101.59,6,44,2024-01-25,2025-03-16,1683.5983333333334,Customer 224,Other,41,South,2024-12-05
C0225,722.42,1,4,2024-12-17,2024-12-17,722.42,Customer 225,Other,40,South,2024-10-10
C0226,2213.75,3,15,2024-08-04,2025-05-09,737.9166666666666,Customer 226,Other,39,North,2025-01-16
C0227,7897.89,5,26,2024-03-02,2025-06-23,1579.578,Customer 227,Female,35,North,2024-12-25
C0228,4721.3099999999995,5,31,2024-07-22,2025-01-31,944.262,Customer 228,Male,25,West,2024-05-08
C0229,2233.92,2,11,2024-05-20,2025-06-17,1116.96,Customer 229,Male,52,West,2024-06-10
C0230,8248.34,5,36,2024-05-01,2025-03-16,1649.6680000000001,Customer 230,Male,48,North,2024-04-08
C0231,3525.67,2,14,2024-01-27,2024-07-11,1762.835,Customer 231,Other,51,Central,2025-01-05
C0233,2771.97,1,17,2024-03-22,2024-03-22,2771.97,Customer 233,Female,29,North,2024-04-26
C0234,13601.37,7,59,2024-02-09,2025-03-25,1943.0528571428572,Customer 234,Other,52,West,2024-01-08
C0235,12576.8,5,46,2024-02-10,2025-03-08,2515.3599999999997,Customer 235,Male,21,Central,2024-05-20
C0236,6313.09,5,39,2024-02-14,2025-06-07,1262.618,Customer 236,Other,26,South,2024-05-29
C0237,415.75,1,4,2024-06-02,2024-06-02,415.75,Customer 237,Male,54,North,2024-02-22
C0239,4505.0,2,18,2024-02-22,2024-04-30,2252.5,Customer 239,Male,34,South,2024-04-04
C0240,7866.09,6,36,2024-02-26,2025-05-25,1311.015,Customer 240,Male,43,South,2024-02-28
C0241,10941.86,5,43,2024-03-07,2025-03-02,2188.3720000000003,Customer 241,Other,58,East,2024-02-07
C0242,7149.42,5,33,2024-04-21,2025-04-21,1429.884,Customer 242,Male,54,North,2024-03-18
C0243,4748.91,2,19,2024-01-12,2025-02-28,2374.455,Customer 243,Male,25,Central,2024-02-13
C0245,1248.12,1,3,2024-01-07,2024-01-07,1248.12,Customer 245,Other,32,Central,2025-02-08
C0246,12287.04,5,48,2024-02-06,2024-12-15,2457.4080000000004,Customer 246,Female,46,North,2024-07-13
C0247,5427.63,2,23,2024-12-05,2024-12-13,2713.815,Customer 247,Other,45,North,2025-03-16
C0248,5163.03,4,25,2024-03-29,2025-02-02,1290.7575,Customer 248,Other,21,Central,2024-10-18
C0249,99.07,1,5,2024-07-25,2024-07-25,99.07,Customer 249,Other,24,West,2025-05-06
C0250,5908.0599999999995,5,30,2024-01-26,2025-06-12,1181.6119999999999,Customer 250,Male,34,East,2024-11-16
C0251,314.37,1,3,2024-02-17,2024-02-17,314.37,Customer 251,Male,29,Central,2024-03-21
C0252,2243.72,1,7,2024-01-24,2024-01-24,2243.72,Customer 252,Male,18,South,2024-02-08
C0253,7748.45,3,23,2024-01-16,2024-07-16,2582.8166666666666,Customer 253,Other,56,South,2024-08-18
C0254,13480.32,5,47,2024-04-18,2025-04-01,2696.064,Customer 254,Male,32,North,2024-05-29
C0255,6587.650000000001,3,26,2024-03-21,2025-04-11,2195.8833333333337,Customer 255,Female,47,East,2024-12-27
C0256,2722.75,1,14,2025-01-07,2025-01-07,2722.75,Customer 256,Male,34,Central,2024-12-17
C0258,7865.01,5,38,2024-01-31,2025-06-29,1573.002,Customer 258,Male,59,West,2024-10-05
C0259,5811.3099999999995,4,26,2024-12-14,2025-05-13,1452.8274999999999,Customer 259,Female,27,East,2025-04-10
C0260,9521.32,6,51,2024-01-01,2025-06-28,1586.8866666666665,Customer 260,Male,37,Central,2024-01-31
C0262,116.55,1,5,2024-02-24,2024-02-24,116.55,Customer 262,Female,37,South,2024-03-04
C0263,1631.22,2,12,2024-02-01,2025-01-02,815.61,Customer 263,Female,50,Central,2025-04-27
C0265,8652.119999999999,2,29,2024-06-26,2024-11-21,4326.0599999999995,Customer 265,Female,38,Central,2024-01-21
C0266,863.16,1,4,2025-03-03,2025-03-03,863.16,Customer 266,Male,23,West,2024-05-08
C0267,6788.15,4,39,2024-01-12,2025-04-10,1697.0375,Customer 267,Other,54,Central,2025-05-07
C0268,10066.57,3,29,2024-02-04,2025-05-28,3355.523333333333,Customer 268,Male,35,Central,2025-05-01
C0269,8673.93,5,26,2024-03-22,2025-04-21,1734.786,Customer 269,Male,48,Central,2024-01-21
C0270,5140.62,2,25,2024-01-12,2025-03-07,2570.31,Customer 270,Female,35,West,2024-11-29
C0271,6075.87,3,21,2024-01-28,2025-04-29,2025.29,Customer 271,Female,58,South,2024-10-26
C0272,3020.17,1,10,2024-03-19,2024-03-19,3020.17,Customer 272,Male,48,North,2025-05-11
C0273,8545.85,5,34,2024-05-28,2025-01-27,1709.17,Customer 273,Female,38,East,2024-07-28
C0274,8920.44,4,39,2024-06-20,2025-06-26,2230.11,Customer 274,Male,39,South,2025-03-15
C0275,7988.129999999999,4,31,2024-04-10,2024-12-28,1997.0324999999998,Customer 275,Female,36,South,2024-12-21
C0276,4904.33,5,21,2024-03-10,2025-06-21,980.866,Customer 276,Other,20,South,2025-02-20
C0277,23.31,1,1,2024-08-10,2024-08-10,23.31,Customer 277,Female,34,North,2024-02-15
C0278,3964.3399999999997,4,28,2024-03-18,2024-06-14,991.0849999999999,Customer 278,Female,50,East,2024-02-29
C0279,2752.12,2,11,2025-01-26,2025-03-27,1376.06,Customer 279,Other,47,South,2024-12-02
C0280,439.25,1,5,2025-02-06,2025-02-06,439.25,Customer 280,Male,51,North,2024-01-28
C0281,4678.32,3,22,2024-04-15,2024-09-13,1559.4399999999998,Customer 281,Female,58,South,2024-11-14
C0282,7366.39,4,40,2024-01-04,2025-02-03,1841.5975,Customer 282,Male,31,North,2025-01-24
C0283,7880.74,4,32,2024-07-16,2025-01-28,1970.185,Customer 283,Male,36,South,2024-10-08
C0284,6835.75,4,25,2024-02-27,2025-04-05,1708.9375,Customer 284,Other,49,East,2025-03-26
C0285,2319.75,3,11,2024-02-16,2025-05-15,773.25,Customer 285,Other,56,West,2024-01-15
C0286,3316.16,2,19,2024-04-09,2024-04-26,1658.08,Customer 286,Male,37,Central,2024-12-29
C0287,2799.26,2,16,2024-05-20,2025-03-12,1399.63,Customer 287,Other,44,East,2024-01-08
C0289,1320.71,1,6,2024-06-26,2024-06-26,1320.71,Customer 289,Male,49,North,2024-11-27
C0290,2195.3,1,9,2024-06-17,2024-06-17,2195.3,Customer 290,Other,35,South,2024-09-17
C0291,445.23,1,5,2025-01-20,2025-01-20,445.23,Customer 291,Female,48,West,2025-03-03
C0292,14815.9,8,61,2024-01-05,2025-04-20,1851.9875,Customer 292,Other,27,South,2024-08-21
C0293,2793.67,3,13,2024-06-29,2025-04-09,931.2233333333334,Customer 293,Other,50,West,2024-04-07
C0294,8446.15,5,35,2024-04-22,2025-05-11,1689.23,Customer 294,Male,35,South,2025-03-18
C0295,9087.04,6,42,2024-03-02,2025-03-04,1514.506666666667,Customer 295,Other,35,East,2024-06-23
C0296,3926.24,2,12,2024-10-12,2025-05-15,1963.12,Customer 296,Other,37,Central,2024-05-24
C0297,2784.9300000000003,4,24,2024-08-15,2025-05-31,696.2325000000001,Customer 297,Other,49,West,2024-10-23
C0298,2350.88,1,11,2025-02-07,2025-02-07,2350.88,Customer 298,Other,48,North,2024-08-16
C0300,106.2,1,4,2024-03-26,2024-03-26,106.2,Customer 300,Female,30,West,2024-08-21
C0301,4269.78,5,37,2024-04-02,2025-06-27,853.9559999999999,Customer 301,Female,32,South,2024-10-19
C0304,3660.75,3,12,2024-02-22,2024-12-09,1220.25,Customer 304,Male,26,Central,2024-09-10
C0305,7336.6,5,29,2024-05-21,2025-05-30,1467.3200000000002,Customer 305,Other,39,East,2025-05-09
C0307,6909.4,5,36,2024-03-19,2025-06-17,1381.8799999999999,Customer 307,Female,18,West,2025-04-11
C0308,9600.03,4,38,2024-05-15,2025-06-16,2400.0075,Customer 308,Other,27,East,2024-07-28
C0309,6270.24,3,25,2024-02-18,2024-06-24,2090.08,Customer 309,Female,39,Central,2024-08-28
C0312,919.2,1,3,2024-08-31,2024-08-31,919.2,Customer 312,Female,58,South,2025-05-03
C0313,4317.88,2,21,2024-02-05,2024-05-09,2158.94,Customer 313,Other,20,Central,2025-03-22
C0314,4512.99,2,20,2024-05-28,2024-06-15,2256.495,Customer 314,Male,58,North,2024-02-05
C0315,3272.4300000000003,1,10,2025-06-03,2025-06-03,3272.4300000000003,Customer 315,Other,23,South,2024-04-26
C0316,7039.89,5,37,2024-01-24,2025-04-01,1407.978,Customer 316,Male,58,East,2025-05-15
C0317,3622.9,3,27,2024-03-30,2025-06-07,1207.6333333333334,Customer 317,Male,37,East,2024-08-15
C0318,6758.99,2,24,2024-11-11,2025-03-01,3379.495,Customer 318,Female,21,North,2024-01-24
C0319,14311.27,6,55,2024-01-07,2025-06-21,2385.2116666666666,Customer 319,Female,45,West,2024-07-02
C0320,3978.33,3,20,2024-05-02,2025-03-03,1326.11,Customer 320,Other,44,Central,2024-05-05
C0321,4288.12,4,20,2024-06-15,2025-06-08,1072.03,Customer 321,Male,28,West,2024-12-15
C0322,4496.33,4,20,2024-07-06,2024-11-26,1124.0825,Customer 322,Other,42,Central,2024-02-10
C0323,1246.56,2,7,2024-04-08,2024-06-15,623.28,Customer 323,Male,49,Central,2024-12-15
C0324,3522.0,3,13,2024-03-19,2025-06-22,1174.0,Customer 324,Male,47,North,2024-03-14
C0325,5936.58,6,34,2024-01-18,2025-06-19,989.43,Customer 325,Female,60,East,2024-08-23
C0326,8003.25,4,29,2024-01-11,2024-12-22,2000.8125,Customer 326,Female,36,Central,2025-04-05
C0327,8591.67,5,34,2024-01-15,2025-06-01,1718.334,Customer 327,Male,46,North,2024-03-21
C0328,3286.85,2,15,2024-08-21,2025-06-16,1643.425,Customer 328,Female,58,South,2024-10-27
C0329,5882.43,2,20,2024-02-11,2024-04-28,2941.215,Customer 329,Female,47,North,2024-12-19
C0330,1090.47,1,5,2025-01-11,2025-01-11,1090.47,Customer 330,Female,48,East,2024-04-11
C0331,1520.51,1,8,2025-02-09,2025-02-09,1520.51,Customer 331,Female,54,North,2024-05-01
C0332,8339.46,6,48,2024-03-07,2025-06-07,1389.9099999999999,Customer 332,Female,36,East,2024-10-21
C0334,1657.32,2,7,2024-02-24,2024-09-13,828.66,Customer 334,Other,21,Central,2024-01-05
C0335,2065.78,1,13,2024-07-02,2024-07-02,2065.78,Customer 335,Female,36,West,2025-01-16
C0336,11428.59,5,48,2024-02-02,2025-05-19,2285.718,Customer 336,Female,32,West,2024-11-06
C0337,16521.04,7,68,2024-01-28,2025-04-26,2360.1485714285714,Customer 337,Female,60,West,2024-11-13
C0338,5836.89,4,27,2024-01-21,2025-06-11,1459.2225,Customer 338,Male,58,East,2024-11-17
C0339,4627.07,2,15,2024-11-20,2025-05-15,2313.535,Customer 339,Female,20,Central,2024-06-07
C0340,8636.37,3,37,2024-10-21,2025-01-07,2878.7900000000004,Customer 340,Other,26,East,2024-07-05
C0341,2822.8900000000003,2,16,2024-04-07,2024-08-19,1411.4450000000002,Customer 341,Female,38,South,2025-04-10
C0342,14600.31,5,62,2024-07-03,2025-05-01,2920.062,Customer 342,Male,26,Central,2024-03-30
C0343,301.13,1,2,2025-03-20,2025-03-20,301.13,Customer 343,Female,51,Central,2025-03-24
C0344,12055.91,5,47,2024-08-29,2025-02-24,2411.182,Customer 344,Female,28,North,2025-04-12
C0345,970.8199999999999,2,6,2024-06-29,2025-03-08,485.40999999999997,Customer 345,Female,36,North,2025-04-12
C0346,2539.9700000000003,2,9,2024-01-21,2024-11-17,1269.9850000000001,Customer 346,Male,47,East,2025-02-15
C0347,3874.43,3,23,2024-04-02,2025-06-21,1291.4766666666667,Customer 347,Male,43,Central,2024-03-13
C0348,10703.84,4,38,2024-02-27,2025-03-09,2675.96,Customer 348,Male,43,East,2024-07-06
C0350,4645.32,3,21,2024-02-05,2025-05-01,1548.4399999999998,Customer 350,Other,34,Central,2024-07-07
C0351,3589.6,1,11,2024-09-16,2024-09-16,3589.6,Customer 351,Other,41,East,2024-07-14
C0352,4580.84,2,20,2024-08-29,2025-03-29,2290.42,Customer 352,Male,48,East,2024-12-11
C0353,8261.72,7,44,2024-05-19,2025-05-18,1180.2457142857143,Customer 353,Other,38,Central,2024-11-13
C0354,6509.400000000001,6,49,2024-01-24,2024-12-01,1084.9,Customer 354,Other,22,South,2024-04-23
C0355,8128.04,4,34,2024-07-12,2025-03-21,2032.01,Customer 355,Other,37,South,2025-04-10
C0357,4085.65,2,16,2024-09-25,2025-01-13,2042.825,Customer 357,Female,25,East,2024-06-04
C0358,13708.49,8,58,2024-02-12,2025-05-19,1713.56125,Customer 358,Other,26,South,2024-04-30
C0359,3087.4500000000003,1,13,2024-05-10,2024-05-10,3087.4500000000003,Customer 359,Female,60,Central,2024-08-20
C0360,11281.17,5,39,2024-02-06,2025-05-21,2256.234,Customer 360,Other,27,South,2024-08-02
C0361,6959.92,3,24,2024-04-05,2025-05-11,2319.9733333333334,Customer 361,Male,49,Central,2024-12-01
C0362,9726.73,6,42,2024-01-05,2025-05-25,1621.1216666666667,Customer 362,Female,20,North,2024-07-27
C0363,2085.19,1,7,2024-10-16,2024-10-16,2085.19,Customer 363,Female,46,West,2024-04-21
C0364,1162.1200000000001,2,8,2024-07-01,2025-01-25,581.0600000000001,Customer 364,Female,24,North,2025-03-13
C0365,4842.82,4,35,2024-01-22,2025-03-18,1210.705,Customer 365,Other,40,East,2024-10-05
C0366,15522.44,7,55,2024-04-05,2025-06-23,2217.4914285714285,Customer 366,Female,30,East,2024-07-22
C0367,768.06,1,4,2024-02-16,2024-02-16,768.06,Customer 367,Female,23,West,2025-04-30
C0368,4158.76,3,20,2024-01-17,2025-02-26,1386.2533333333333,Customer 368,Other,56,East,2024-11-24
C0369,2271.59,1,5,2024-07-02,2024-07-02,2271.59,Customer 369,Female,33,West,2024-01-26
C0370,10299.869999999999,5,40,2024-01-14,2025-04-05,2059.9739999999997,Customer 370,Other,31,East,2025-02-06
C0372,718.0200000000001,2,5,2024-01-15,2024-11-05,359.01000000000005,Customer 372,Male,39,West,2024-04-20
C0374,7010.48,5,35,2024-01-09,2025-03-31,1402.096,Customer 374,Male,26,Central,2025-03-15
C0375,9079.48,2,37,2024-02-07,2025-03-01,4539.74,Customer 375,Male,25,East,2024-05-08
C0376,5369.01,2,22,2025-03-03,2025-05-14,2684.505,Customer 376,Male,40,West,2024-03-08
C0377,1411.23,1,3,2025-03-22,2025-03-22,1411.23,Customer 377,Female,19,West,2024-10-28
C0378,5360.27,3,32,2024-07-15,2025-04-28,1786.756666666667,Customer 378,Male,26,South,2024-05-15
C0379,2168.02,3,20,2024-01-19,2025-05-20,722.6733333333333,Customer 379,Male,22,South,2024-09-26
C0380,10454.380000000001,4,39,2024-04-16,2024-12-11,2613.5950000000003,Customer 380,Female,50,Central,2024-08-17
C0381,5109.49,5,24,2024-04-14,2025-06-02,1021.8979999999999,Customer 381,Female,50,West,2024-02-25
C0382,3729.96,2,16,2024-10-20,2025-03-25,1864.98,Customer 382,Other,20,Central,2025-04-29
C0383,8914.14,5,38,2024-03-12,2025-03-07,1782.828,Customer 383,Female,59,East,2024-06-03
C0384,6557.6900000000005,3,23,2024-02-07,2025-06-16,2185.896666666667,Customer 384,Female,43,South,2024-02-01
C0385,2798.37,1,13,2024-11-17,2024-11-17,2798.37,Customer 385,Male,49,South,2024-12-17
C0386,9551.39,4,37,2024-03-27,2025-03-28,2387.8475,Customer 386,Male,38,Central,2024-02-07
C0387,3258.53,3,16,2024-08-06,2024-11-15,1086.1766666666667,Customer 387,Male,26,North,2024-03-16
C0388,4946.16,4,30,2024-01-06,2025-06-01,1236.54,Customer 388,Other,55,Central,2024-11-15
C0389,14951.11,7,62,2024-03-20,2025-06-15,2135.8728571428574,Customer 389,Female,42,Central,2024-12-30
C0390,6298.8,2,21,2024-04-30,2024-05-10,3149.4,Customer 390,Female,47,Central,2024-09-28
C0391,3307.8,5,28,2024-04-22,2025-05-12,661.5600000000001,Customer 391,Female,24,East,2024-11-05
C0392,2896.63,1,10,2024-05-25,2024-05-25,2896.63,Customer 392,Other,59,Central,2025-03-12
C0393,421.75,1,5,2025-05-15,2025-05-15,421.75,Customer 393,Male,45,South,2025-01-04
C0394,146.62,1,1,2024-12-23,2024-12-23,146.62,Customer 394,Male,44,North,2025-03-30
C0395,6647.64,2,29,2025-01-21,2025-03-03,3323.82,Customer 395,Female,43,South,2025-02-27
C0396,4765.45,2,23,2025-02-23,2025-04-16,2382.725,Customer 396,Male,38,South,2025-01-08
C0398,13304.18,6,48,2024-01-20,2024-11-12,2217.3633333333332,Customer 398,Male,48,East,2025-05-03
C0399,5387.05,3,23,2024-02-16,2025-02-28,1795.6833333333334,Customer 399,Male,23,South,2024-02-16
C0400,3885.22,2,13,2024-06-06,2024-06-21,1942.61,Customer 400,Other,41,West,2024-02-19
C0401,1166.8899999999999,2,6,2024-11-29,2025-02-03,583.4449999999999,Customer 401,Male,55,Central,2024-10-11
C0402,14990.27,6,52,2024-01-20,2025-05-10,2498.3783333333336,Customer 402,Female,60,East,2024-10-14
C0403,1356.95,1,5,2025-05-27,2025-05-27,1356.95,Customer 403,Female,60,South,2024-07-29
C0405,7415.04,4,27,2024-06-21,2025-04-07,1853.76,Customer 405,Female,40,East,2024-11-03
C0406,3466.41,1,12,2025-06-06,2025-06-06,3466.41,Customer 406,Other,31,West,2024-10-22
C0407,2420.5099999999998,1,7,2024-03-12,2024-03-12,2420.5099999999998,Customer 407,Female,32,East,2024-12-02
C0408,8683.84,3,34,2024-09-24,2025-04-15,2894.6133333333332,Customer 408,Other,41,East,2024-06-28
C0409,94.99,1,1,2025-05-02,2025-05-02,94.99,Customer 409,Female,54,West,2025-01-25
C0410,3503.0099999999998,1,14,2024-06-26,2024-06-26,3503.0099999999998,Customer 410,Female,53,Central,2025-02-17
C0411,5675.77,5,32,2024-05-06,2025-04-18,1135.154,Customer 411,Other,59,Central,2024-11-10
C0412,3477.2400000000002,4,19,2024-06-28,2025-02-09,869.3100000000001,Customer 412,Other,60,North,2024-01-14
C0413,8951.15,4,43,2024-03-07,2025-06-19,2237.7875,Customer 413,Male,35,North,2024-01-15
C0414,10857.64,8,40,2024-01-26,2025-03-18,1357.205,Customer 414,Female,40,East,2025-04-16
C0415,4615.3,4,19,2024-09-13,2025-06-16,1153.825,Customer 415,Male,54,South,2024-04-02
C0416,7724.49,6,38,2024-01-11,2025-03-28,1287.415,Customer 416,Male,58,East,2024-02-05
C0417,5249.46,4,32,2024-03-10,2025-06-05,1312.365,Customer 417,Other,51,West,2024-02-16
C0418,13093.869999999999,6,57,2024-01-09,2025-06-09,2182.3116666666665,Customer 418,Female,47,North,2024-07-11
C0420,4541.83,3,14,2024-06-15,2025-05-22,1513.9433333333334,Customer 420,Other,56,East,2025-02-01
C0421,2544.08,2,14,2024-08-23,2025-01-19,1272.04,Customer 421,Male,27,West,2025-03-28
C0422,910.94,1,3,2025-01-06,2025-01-06,910.94,Customer 422,Other,21,East,2025-01-21
C0423,8753.49,6,33,2024-01-31,2025-03-26,1458.915,Customer 423,Female,60,South,2024-05-19
C0424,4616.4,2,11,2024-05-13,2025-03-20,2308.2,Customer 424,Other,46,South,2024-09-05
C0425,2094.56,1,7,2025-01-18,2025-01-18,2094.56,Customer 425,Male,50,East,2024-05-19
C0426,7849.99,4,33,2024-02-24,2025-05-15,1962.4975,Customer 426,Female,25,North,2024-06-25
C0428,9190.18,2,28,2025-01-18,2025-06-22,4595.09,Customer 428,Other,37,East,2024-09-26
C0430,4928.92,3,26,2024-07-26,2025-03-11,1642.9733333333334,Customer 430,Male,37,West,2024-01-04
C0431,1696.8899999999999,1,10,2025-03-31,2025-03-31,1696.8899999999999,Customer 431,Male,34,North,2025-01-27
C0432,5730.74,3,27,2024-08-27,2025-06-08,1910.2466666666667,Customer 432,Male,18,South,2024-06-16
C0433,1217.8,2,3,2024-08-21,2025-01-03,608.9,Customer 433,Female,29,West,2025-01-17
C0434,10218.75,5,47,2024-01-13,2024-12-07,2043.75,Customer 434,Other,32,Central,2024-07-13
C0435,5592.27,3,26,2024-01-31,2025-03-03,1864.0900000000001,Customer 435,Other,40,East,2024-10-13
C0436,8226.51,4,45,2024-01-10,2025-03-11,2056.6275,Customer 436,Other,20,South,2024-07-22
C0437,4254.01,2,29,2024-07-11,2025-02-04,2127.005,Customer 437,Female,22,North,2024-01-10
C0438,15283.89,8,72,2024-02-02,2025-03-04,1910.48625,Customer 438,Female,54,South,2024-10-21
C0439,2832.24,2,14,2024-07-25,2025-05-17,1416.12,Customer 439,Other,44,North,2024-12-29
C0440,2619.1499999999996,1,12,2025-04-12,2025-04-12,2619.1499999999996,Customer 440,Female,19,North,2024-02-28
C0441,3742.14,1,15,2024-06-28,2024-06-28,3742.14,Customer 441,Other,47,North,2024-03-28
C0442,8560.35,6,32,2024-03-15,2025-02-25,1426.7250000000001,Customer 442,Female,24,West,2024-02-15
C0443,43.12,1,1,2024-02-08,2024-02-08,43.12,Customer 443,Other,43,Central,2024-08-11
C0444,756.35,2,7,2024-03-10,2025-03-24,378.175,Customer 444,Female,37,North,2024-02-10
C0445,2546.49,3,15,2024-03-20,2024-06-30,848.8299999999999,Customer 445,Female,28,East,2024-04-23
C0447,8403.61,4,36,2024-06-06,2024-11-11,2100.9025,Customer 447,Male,40,North,2024-09-18
C0448,126.8,1,1,2024-04-03,2024-04-03,126.8,Customer 448,Other,27,West,2025-01-07
C0449,10882.94,8,45,2024-01-13,2025-03-01,1360.3675,Customer 449,Male,34,West,2024-02-22
C0450,5813.67,3,27,2024-06-24,2025-02-24,1937.89,Customer 450,Other,27,East,2024-03-29
C0451,3297.45,1,13,2025-04-04,2025-04-04,3297.45,Customer 451,Other,49,South,2024-03-31
C0452,330.27,1,1,2024-08-26,2024-08-26,330.27,Customer 452,Other,55,South,2025-01-21
C0453,11445.47,7,48,2024-02-08,2025-06-17,1635.0671428571427,Customer 453,Other,59,Central,2024-12-14
C0454,9615.66,7,36,2024-02-23,2025-03-10,1373.6657142857143,Customer 454,Other,38,West,2024-06-14
C0456,10070.6,5,48,2024-03-14,2025-06-01,2014.1200000000001,Customer 456,Female,35,Central,2024-11-19
C0457,232.6,1,5,2024-07-13,2024-07-13,232.6,Customer 457,Female,50,East,2024-01-29
C0458,8459.59,3,30,2024-02-09,2025-05-16,2819.8633333333332,Customer 458,Female,46,East,2024-06-07
C0459,2508.53,1,12,2024-12-22,2024-12-22,2508.53,Customer 459,Female,36,East,2024-01-30
C0461,7822.89,5,42,2024-01-13,2025-03-09,1564.578,Customer 461,Female,47,Central,2024-09-16
C0462,1499.68,1,4,2024-11-11,2024-11-11,1499.68,Customer 462,Other,20,South,2024-10-10
C0463,4129.7699999999995,3,20,2025-01-18,2025-06-21,1376.59,Customer 463,Other,59,West,2025-04-10
C0464,8160.4,6,29,2024-04-21,2025-05-04,1360.0666666666666,Customer 464,Other,48,Central,2024-06-13
C0465,1264.98,2,7,2024-01-08,2025-06-18,632.49,Customer 465,Male,46,East,2024-03-18
C0466,2182.35,1,11,2025-06-16,2025-06-16,2182.35,Customer 466,Female,23,Central,2025-02-19
C0467,11672.85,6,41,2024-04-12,2025-06-27,1945.4750000000001,Customer 467,Male,20,West,2024-11-26
C0468,545.72,1,3,2025-01-03,2025-01-03,545.72,Customer 468,Female,46,Central,2024-12-28
C0469,6084.969999999999,3,24,2024-03-24,2025-03-30,2028.323333333333,Customer 469,Other,28,North,2024-09-24
C0470,10447.07,7,49,2024-03-30,2025-05-31,1492.4385714285713,Customer 470,Female,42,South,2024-07-09
C0471,3750.98,1,13,2024-03-07,2024-03-07,3750.98,Customer 471,Female,56,East,2025-01-31
C0472,9367.1,6,39,2024-03-04,2024-11-23,1561.1833333333334,Customer 472,Other,59,North,2025-02-08
C0473,6560.4800000000005,4,24,2024-02-05,2025-04-16,1640.1200000000001,Customer 473,Female,24,Central,2024-02-03
C0474,1306.3999999999999,1,7,2025-05-04,2025-05-04,1306.3999999999999,Customer 474,Female,36,North,2024-12-13
C0475,2327.76,1,11,2025-02-05,2025-02-05,2327.76,Customer 475,Other,56,West,2025-01-05
C0476,5379.32,3,18,2024-04-09,2025-02-04,1793.1066666666666,Customer 476,Male,55,West,2024-06-19
C0477,5021.63,2,19,2024-11-07,2025-05-09,2510.815,Customer 477,Female,37,South,2025-04-14
C0478,5026.77,4,20,2024-02-27,2024-07-19,1256.6925,Customer 478,Other,23,North,2024-03-07
C0479,1121.8600000000001,1,8,2024-12-12,2024-12-12,1121.8600000000001,Customer 479,Female,59,North,2024-10-13
C0480,15855.17,7,64,2024-01-12,2025-06-15,2265.0242857142857,Customer 480,Male,60,Central,2025-02-20
C0481,14864.65,8,66,2024-01-06,2025-06-19,1858.08125,Customer 481,Other,60,South,2024-02-17
C0482,3800.5299999999997,3,16,2024-04-11,2024-08-09,1266.8433333333332,Customer 482,Female,19,North,2024-09-17
C0483,4972.9400000000005,3,16,2024-03-17,2025-04-12,1657.6466666666668,Customer 483,Male,31,North,2024-06-07
C0484,3620.6000000000004,2,19,2024-10-02,2025-03-20,1810.3000000000002,Customer 484,Female,30,West,2025-04-30
C0485,1214.77,2,6,2024-05-07,2025-02-20,607.385,Customer 485,Male,22,North,2024-03-11
C0486,6247.21,4,30,2024-08-15,2024-11-09,1561.8025,Customer 486,Male,50,Central,2025-03-08
C0489,11785.47,5,44,2024-10-20,2025-06-09,2357.094,Customer 489,Female,27,West,2024-11-01
C0490,2028.79,2,8,2024-09-02,2025-02-20,1014.395,Customer 490,Other,57,West,2024-04-02
C0491,3959.23,5,21,2024-02-28,2025-06-29,791.846,Customer 491,Female,20,South,2025-01-04
C0492,3366.75,2,14,2024-12-19,2025-01-10,1683.375,Customer 492,Other,33,South,2024-07-05
C0494,2249.4,1,9,2025-03-08,2025-03-08,2249.4,Customer 494,Male,37,South,2024-09-30
C0496,451.7,1,3,2024-09-12,2024-09-12,451.7,Customer 496,Female,36,South,2024-08-13
C0497,15364.53,6,60,2024-01-07,2025-05-09,2560.755,Customer 497,Other,44,West,2024-09-14
C0498,5944.04,3,31,2024-05-23,2024-08-19,1981.3466666666666,Customer 498,Male,56,West,2025-02-22
C0499,6001.48,5,29,2024-02-02,2025-05-22,1200.2959999999998,Customer 499,Female,21,South,2025-03-22
C0500,679.85,1,2,2025-02-02,2025-02-02,679.85,Customer 500,Female,53,East,2025-03-23
